model	Kest	Sensitivity	Precision	rmse_sig	rmse_theta	rmse_Betas	rmse_lambda	rmse_counts	time	iter	effectiveBetas	effectiveSigs	effectiveTheta	effectiveMu	effectiveSigma2	effectiveLogPost	effectiveLogLik	effectiveLogPrior	Simulation	Scenario	n
CompNMFBase	8	1	1	0.002976931886878285	44.82193997092753	0.36043527563674044	0.094524694682674	0.10802204877145752	0.0031783262888590495	4256	NA	NA	NA	NA	NA	NA	NA	NA	Simulation_01	Scenario_A_indep	86047
map_CopyOnly	8	1	1	0.003230200199001058	44.67863695105094	0.36043527563674044	0.0936647747618946	0.10724907699569522	5.357114601135254	499	NA	NA	NA	NA	NA	NA	NA	NA	Simulation_01	Scenario_A_indep	86047
map_NoCopies	8	1	1	0.0014700703463927857	21.74546800085384	0.017254392828855436	0.00788448158467594	0.052456686571100405	11.855693300565084	219	NA	NA	NA	NA	NA	NA	NA	NA	Simulation_01	Scenario_A_indep	86047
map_TrueCovs	8	1	1	0.001503938948182751	21.60567518464767	0.011175020053687569	0.001414454644983207	0.0518982700814864	18.996616792678832	359	NA	NA	NA	NA	NA	NA	NA	NA	Simulation_01	Scenario_A_indep	86047
map_Full	8	1	1	0.001512184933258893	21.69038423071231	0.014071878494915483	0.0017232415117211812	0.05188863097595828	17.140330843130748	269	NA	NA	NA	NA	NA	NA	NA	NA	Simulation_01	Scenario_A_indep	86047
mcmc_Full	8	1	1	0.0020872868957081923	26.420636997819656	0.015205965314840487	0.001723897693911757	0.05188831612802538	151.71814360221225	NA	49.64306738115448	370.162751965166	418.5736684619129	1132.9655029375435	1398.2194373510436	324.76393270444333	272.1058608941727	560.3739753362083	Simulation_01	Scenario_A_indep	86047
map_TrueCovs200	8	1	1	0.0015129477735900637	21.557492578369114	0.014313978208404339	0.009815046217151862	0.052629750171178664	20.544829825560253	359	NA	NA	NA	NA	NA	NA	NA	NA	Simulation_01	Scenario_A_indep	86047
mcmc_TrueCovs200	8	1	1	0.002058416225204094	26.033989682034242	0.014650993015530108	0.009811287093933724	0.052625316052428345	135.67951500018438	NA	49.524003917536234	374.0652720396571	426.9117151417257	1206.3528672362713	1405.478324428034	562.8483714371404	394.87443652080674	649.6314805921363	Simulation_01	Scenario_A_indep	86047
map_TrueCovs500	8	1	1	0.0015085324438184806	21.602760186102252	0.01401709957692266	0.01790760756213621	0.05483918463074496	9.601373648643493	169	NA	NA	NA	NA	NA	NA	NA	NA	Simulation_01	Scenario_A_indep	86047
mcmc_TrueCovs500	8	1	1	0.00208223696108226	26.40805789933373	0.01493277278142191	0.017910919101149374	0.05483928209482519	103.00243529876073	NA	47.13764992119707	372.42833431446866	432.8884034649993	1192.6466168348913	1350.2251182897883	496.60917412096745	475.1650979370766	521.6777113948845	Simulation_01	Scenario_A_indep	86047
CompNMFBase	8	1	1	0.004294294003999571	44.10941391626276	0.3536794521275586	0.11658888063417183	0.12782436630576882	0.0026885668436686196	2768	NA	NA	NA	NA	NA	NA	NA	NA	Simulation_02	Scenario_A_indep	95425
map_CopyOnly	8	1	1	0.004270228533996814	44.920336044697144	0.3536794521275586	0.11595977146268206	0.12724164733279525	8.701831181844076	659	NA	NA	NA	NA	NA	NA	NA	NA	Simulation_02	Scenario_A_indep	95425
map_NoCopies	8	1	1	0.0014969700150631018	20.136126588725617	0.020653349144732405	0.006808678041781771	0.05488567443079552	26.07578547000885	449	NA	NA	NA	NA	NA	NA	NA	NA	Simulation_02	Scenario_A_indep	95425
map_TrueCovs	8	1	1	0.0013245171491747516	18.659374615428625	0.010148606327075907	0.002531311567400463	0.054610233642310574	22.508213047186533	399	NA	NA	NA	NA	NA	NA	NA	NA	Simulation_02	Scenario_A_indep	95425
map_Full	9	0.875	0.7777777777777778	0.005302520978440215	189.3904030154853	0.1615440361746491	0.0030295272785465506	0.0545795235202349	56.414431091149645	819	NA	NA	NA	NA	NA	NA	NA	NA	Simulation_02	Scenario_A_indep	95425
mcmc_Full	8	1	1	0.0023090616829333356	20.315380362370234	0.01341586558630532	0.0031331602945166106	0.054593675100583806	128.97951897382737	NA	47.20532783903442	442.9348806358079	438.24051218135213	1179.4375873052288	1456.849184002859	533.0326653958128	338.0162681965074	598.2094954879958	Simulation_02	Scenario_A_indep	95425
map_TrueCovs200	8	1	1	0.001325978655185439	18.687473721914987	0.012114311452364928	0.012202145125702007	0.05595325306763348	23.13490156730016	379	NA	NA	NA	NA	NA	NA	NA	NA	Simulation_02	Scenario_A_indep	95425
mcmc_TrueCovs200	8	1	1	0.0023197507087713318	20.60033286362427	0.013287341056188394	0.01222627332123402	0.05597719130655443	143.14733841419218	NA	47.11763450158725	444.7414801210303	435.432484996375	1225.110701326205	1500	644.9786903793193	553.760993083404	629.81091429786	Simulation_02	Scenario_A_indep	95425
map_TrueCovs500	8	1	1	0.001361775824946534	18.822679165324406	0.012308017328659196	0.021090304009129257	0.05816169807151057	22.740456116199493	389	NA	NA	NA	NA	NA	NA	NA	NA	Simulation_02	Scenario_A_indep	95425
mcmc_TrueCovs500	8	1	1	0.0023963966918298814	20.83236968362022	0.013529306172724145	0.021115600565081473	0.05817818788885185	98.41784851153692	NA	46.58851438050704	441.13040478655273	449.9808132851836	1301.7563115965904	1292.771472691802	526.5691538635147	353.7284975193296	635.8150071429789	Simulation_02	Scenario_A_indep	95425
CompNMFBase	8	1	1	0.004115405023170682	45.769755190154754	0.26133851478378534	0.04712220799135123	0.06536933164612235	0.00514376958211263	3996	NA	NA	NA	NA	NA	NA	NA	NA	Simulation_03	Scenario_A_indep	65793
map_CopyOnly	8	1	1	0.004140811861045461	46.032067415268294	0.26133851478378534	0.04696792374275431	0.06522245482169856	9.050490005811055	979	NA	NA	NA	NA	NA	NA	NA	NA	Simulation_03	Scenario_A_indep	65793
map_NoCopies	8	1	1	0.0021335375043985156	23.341529020302605	0.019767770118700814	0.005199038186702971	0.04559260858018303	12.9722203373909	289	NA	NA	NA	NA	NA	NA	NA	NA	Simulation_03	Scenario_A_indep	65793
map_TrueCovs	8	1	1	0.0021200477382079673	23.45682242179364	0.011112042123479098	0.0014411813838399333	0.045336008440077694	10.123207986354828	239	NA	NA	NA	NA	NA	NA	NA	NA	Simulation_03	Scenario_A_indep	65793
map_Full	8	1	1	0.002095866742284897	23.043572327563208	0.01524096308154724	0.0016457316996882042	0.04531945110039907	14.344927000999451	279	NA	NA	NA	NA	NA	NA	NA	NA	Simulation_03	Scenario_A_indep	65793
mcmc_Full	8	1	1	0.003294375799161534	36.03252292699391	0.017158998879815045	0.0015497990035708658	0.045318033480802565	132.38556117216746	NA	46.022057555925315	267.56609436927863	327.16704229900887	842.4809247437598	1360.1047477846369	335.25500949842615	259.835866437262	585.8955706784526	Simulation_03	Scenario_A_indep	65793
map_TrueCovs200	8	1	1	0.002074341569432536	22.66900922246592	0.015119112527754533	0.0042657115051769195	0.045483657739885164	11.834250962734222	269	NA	NA	NA	NA	NA	NA	NA	NA	Simulation_03	Scenario_A_indep	65793
mcmc_TrueCovs200	8	1	1	0.0032449172680101158	35.37963763153673	0.016992391490700847	0.004236956301823077	0.045482764180161964	113.63609221378962	NA	47.099103536244726	270.76057299105764	328.7479414638156	921.1558823517903	1460.498477549273	453.232284600896	283.60405555062783	580.127481458415	Simulation_03	Scenario_A_indep	65793
map_TrueCovs500	8	1	1	0.0021306932822155217	23.669993067920306	0.015115604622565082	0.007224385678560422	0.04575561227139459	11.134641734759013	239	NA	NA	NA	NA	NA	NA	NA	NA	Simulation_03	Scenario_A_indep	65793
mcmc_TrueCovs500	8	1	1	0.0032933200953622144	36.25423725547755	0.01667241761292029	0.007209613639170104	0.04575453737286482	94.94388275941212	NA	44.63982905891243	266.52069025834743	336.57284936054225	987.1371819268004	1500.0000000000007	418.86273422623964	264.2533083207018	551.0184614341123	Simulation_03	Scenario_A_indep	65793
CompNMFBase	8	1	1	0.0036454171437681642	35.688260209178544	0.35860824113381784	0.11583501600878988	0.12684316239005253	0.006304462750752767	5167	NA	NA	NA	NA	NA	NA	NA	NA	Simulation_04	Scenario_A_indep	77639
map_CopyOnly	8	1	1	0.00385825013573193	42.89780121331992	0.35860824113381784	0.11649451967474504	0.1274501350823961	4.702004226048787	489	NA	NA	NA	NA	NA	NA	NA	NA	Simulation_04	Scenario_A_indep	77639
map_NoCopies	8	1	1	0.0014895664102669212	21.482976544178857	0.02107940503993817	0.011235918652982334	0.05106674557261343	25.659416699409483	489	NA	NA	NA	NA	NA	NA	NA	NA	Simulation_04	Scenario_A_indep	77639
map_TrueCovs	8	1	1	0.0014977790588598856	17.75436162593621	0.01332574897300937	0.002686517519909581	0.049700574864706686	27.24555311203003	519	NA	NA	NA	NA	NA	NA	NA	NA	Simulation_04	Scenario_A_indep	77639
map_Full	8	1	1	0.0014792832923432877	17.740303303086375	0.015582856950318236	0.0028881997529097876	0.049678581418298194	12.488724625110626	199	NA	NA	NA	NA	NA	NA	NA	NA	Simulation_04	Scenario_A_indep	77639
mcmc_Full	8	1	1	0.0036664673005608072	20.566795731497976	0.01541396885468183	0.002892568538690466	0.049674115720069086	140.80493835608164	NA	47.03902053950691	401.18732793678004	419.54152910286956	1167.0441607932692	1277.618935024915	433.74401173266443	465.3799231583669	541.3621397201548	Simulation_04	Scenario_A_indep	77639
map_TrueCovs200	8	1	1	0.0015043602406357888	17.841312578269697	0.015761702505910212	0.011163398334090326	0.05091712497137381	13.56223478714625	259	NA	NA	NA	NA	NA	NA	NA	NA	Simulation_04	Scenario_A_indep	77639
mcmc_TrueCovs200	8	1	1	0.0036516562711735984	20.723570015299302	0.015101522446827694	0.011140243232996151	0.05092021404243563	126.69989351431528	NA	46.07929367139498	398.95976359354347	420.9898421193781	1039.2469106006424	1441.6124761840404	562.563316194094	348.6704410982763	595.6305789028229	Simulation_04	Scenario_A_indep	77639
map_TrueCovs500	8	1	1	0.0015110478502993335	17.819623259102432	0.015961009240929455	0.02041632065430835	0.054238354904472985	10.777216291427612	209	NA	NA	NA	NA	NA	NA	NA	NA	Simulation_04	Scenario_A_indep	77639
mcmc_TrueCovs500	8	1	1	0.003693699132436242	20.54053098269563	0.01588301358998533	0.020420428068631338	0.05424175464983464	102.94714641968409	NA	44.37894187136194	396.95086807940703	424.924585972027	1075.86605264024	1485.6235617334514	558.3619743374509	391.7537860813436	405.7748163008922	Simulation_04	Scenario_A_indep	77639
CompNMFBase	8	1	1	0.0026584011456510185	47.52975024897324	0.371604871954419	0.13095650299979972	0.14230360237377207	0.0029221614201863605	3787	NA	NA	NA	NA	NA	NA	NA	NA	Simulation_05	Scenario_A_indep	102028
map_CopyOnly	8	1	1	0.0027442623588575733	49.95485897909917	0.371604871954419	0.1312851437468347	0.14261868485683502	7.993530205885569	589	NA	NA	NA	NA	NA	NA	NA	NA	Simulation_05	Scenario_A_indep	102028
map_NoCopies	8	1	1	0.001278417347922715	21.543445536678423	0.018146478872706148	0.009233008297021415	0.057297956585364254	31.421083557605744	479	NA	NA	NA	NA	NA	NA	NA	NA	Simulation_05	Scenario_A_indep	102028
map_TrueCovs	8	1	1	0.0012659867035248666	19.995911252602728	0.011176301786875354	0.0025714187341926917	0.05673267709280504	45.24986787637075	669	NA	NA	NA	NA	NA	NA	NA	NA	Simulation_05	Scenario_A_indep	102028
map_Full	8	1	1	0.0012530997445370905	19.48925736260546	0.012954949826582764	0.003558514031751323	0.05668615379179777	28.0531623562177	339	NA	NA	NA	NA	NA	NA	NA	NA	Simulation_05	Scenario_A_indep	102028
mcmc_Full	8	1	1	0.0018672409917061825	25.990444547232375	0.01582049179072789	0.0033184148970769644	0.05669387862030573	133.25402865012487	NA	50.09625189871285	375.1328067690863	487.2949100842475	1038.5590727977858	1421.7662306468771	453.3962426043474	403.1377130973873	661.2410444493488	Simulation_05	Scenario_A_indep	102028
map_TrueCovs200	8	1	1	0.0012703702122349335	19.55152208684602	0.013205975086681884	0.017649257514062273	0.05917513024292724	23.080890973409016	359	NA	NA	NA	NA	NA	NA	NA	NA	Simulation_05	Scenario_A_indep	102028
mcmc_TrueCovs200	8	1	1	0.0018730253740536335	25.85538324139595	0.016668687951218366	0.017634894979933553	0.059188992800121555	151.45767621596653	NA	49.60543410359042	380.05171376207954	470.99376896803733	1195.625356562469	1465.7117613428852	409.9328352886442	422.50963376916314	487.6335914989033	Simulation_05	Scenario_A_indep	102028
map_TrueCovs500	8	1	1	0.0012809730053234877	19.68212379315949	0.013233949798503017	0.029475797924880427	0.06465344325694646	15.301123722394307	249	NA	NA	NA	NA	NA	NA	NA	NA	Simulation_05	Scenario_A_indep	102028
mcmc_TrueCovs500	8	1	1	0.0018666760622059887	26.09008509245924	0.016401922494277164	0.029466546574872916	0.06465870751768936	100.6187391559283	NA	48.08607202707965	374.79705882504425	478.56656060201453	1082.2609897817265	1493.464284073743	506.6718681942056	272.36791973894555	511.12106514754373	Simulation_05	Scenario_A_indep	102028
CompNMFBase	8	1	1	0.003629455531241901	28.95296403023017	0.32962136949714665	0.09783223422301844	0.10944505775090949	0.0034227331479390463	3249	NA	NA	NA	NA	NA	NA	NA	NA	Simulation_06	Scenario_A_indep	86146
map_CopyOnly	8	1	1	0.0036897548141046344	29.81872269173198	0.32962136949714665	0.09775856996733562	0.10935756825301046	3.4036731004714964	349	NA	NA	NA	NA	NA	NA	NA	NA	Simulation_06	Scenario_A_indep	86146
map_NoCopies	8	1	1	0.0015786034391567982	17.91980831118537	0.019905378100596713	0.007564918214892261	0.05228143662387093	12.038564582665762	259	NA	NA	NA	NA	NA	NA	NA	NA	Simulation_06	Scenario_A_indep	86146
map_TrueCovs	8	1	1	0.0015417990878951176	17.89622489564225	0.010694864140236156	0.002735354411822051	0.05173372826531741	16.438109703858693	339	NA	NA	NA	NA	NA	NA	NA	NA	Simulation_06	Scenario_A_indep	86146
map_Full	8	1	1	0.0015493862742970072	17.984210041950377	0.015458978842013362	0.0031821811341833923	0.05173174065169382	10.362767930825552	179	NA	NA	NA	NA	NA	NA	NA	NA	Simulation_06	Scenario_A_indep	86146
mcmc_Full	8	1	1	0.003129629594649429	23.115192051171917	0.015488818727093406	0.0030112904374077027	0.051726074205268986	154.74815142154694	NA	49.95430191998641	385.26565496812935	422.1513331948908	1228.1146958797463	1379.1793943362647	434.99610207258183	284.7578293032864	570.1128232579304	Simulation_06	Scenario_A_indep	86146
map_TrueCovs200	8	1	1	0.0015345405523040073	18.031253299983934	0.015416253256584148	0.010099806516559643	0.05254172737236283	23.321010541915893	399	NA	NA	NA	NA	NA	NA	NA	NA	Simulation_06	Scenario_A_indep	86146
mcmc_TrueCovs200	8	1	1	0.0031434066395551463	23.203159605702286	0.015491685162942269	0.010047799523663315	0.05253809308516545	134.01401139100392	NA	51.704290327131595	386.18850688728344	442.7605061972115	1368.2242168612515	1443.4830647277456	575.4108476741857	258.33258339378074	644.3505992705386	Simulation_06	Scenario_A_indep	86146
map_TrueCovs500	9	1	1	0.004836224140463137	108.45928934241992	0.11380025724485178	0.01724591532264169	0.054403836027605054	18.177719728151956	329	NA	NA	NA	NA	NA	NA	NA	NA	Simulation_06	Scenario_A_indep	86146
mcmc_TrueCovs500	8	1	1	0.0031467193352152007	22.959710671521886	0.015502201712894586	0.017207545690225215	0.05439831902749818	100.9682395497958	NA	48.44997601664999	385.25159804138434	430.2138588498122	1158.8428230364552	1514.6399014564824	537.6524278766858	426.25812880346876	639.913990992988	Simulation_06	Scenario_A_indep	86146
CompNMFBase	8	1	1	0.0036255340044461324	66.78197992833896	0.3716477298480171	0.2739644899008176	0.2769655364371276	0.007769393920898438	5948	NA	NA	NA	NA	NA	NA	NA	NA	Simulation_07	Scenario_A_indep	112928
map_CopyOnly	8	1	1	0.0038817772195177186	67.14677373305173	0.3716477298480171	0.27420429877372904	0.27719890448800466	6.562477628389995	459	NA	NA	NA	NA	NA	NA	NA	NA	Simulation_07	Scenario_A_indep	112928
map_NoCopies	8	1	1	0.0017270634644153194	28.24061204636726	0.01678293915525123	0.015065565666676743	0.06075571594770097	27.19700276851654	399	NA	NA	NA	NA	NA	NA	NA	NA	Simulation_07	Scenario_A_indep	112928
map_TrueCovs	8	1	1	0.0017645750778424853	25.89554552341163	0.006432580703565706	0.0027473286627604193	0.05972490725356298	40.74519075949987	569	NA	NA	NA	NA	NA	NA	NA	NA	Simulation_07	Scenario_A_indep	112928
map_Full	8	1	1	0.0017776093435989456	25.993277723679373	0.01199035387677518	0.004831278488785542	0.059594371331175046	53.75809994141261	609	NA	NA	NA	NA	NA	NA	NA	NA	Simulation_07	Scenario_A_indep	112928
mcmc_Full	8	1	1	0.0029195257311601117	30.853858739056207	0.014126558801782343	0.004791448208697865	0.059592317977456545	124.80626596609751	NA	49.04861716776435	390.1204387382736	448.04299023056575	1198.4587755173961	1472.0410424926229	511.20867977516093	378.4811295559396	596.370823146127	Simulation_07	Scenario_A_indep	112928
map_TrueCovs200	8	1	1	0.0017754906778405673	25.90427551562487	0.012101304196475884	0.025383430816594863	0.06325116630954611	14.736046814918518	219	NA	NA	NA	NA	NA	NA	NA	NA	Simulation_07	Scenario_A_indep	112928
mcmc_TrueCovs200	8	1	1	0.002889252041630646	30.359434484068196	0.014144921378045629	0.02539690253230067	0.06324142353264035	160.91158454020817	NA	48.10142658396259	387.8160525333073	448.91250030759244	1250.0218858636113	1481.3457280283137	434.3789821119784	389.9533166498655	483.973790746189	Simulation_07	Scenario_A_indep	112928
map_TrueCovs500	8	1	1	0.0018124624736235765	26.090094754493823	0.012132669832512915	0.04275002971950213	0.07123373374024793	33.61169344186783	489	NA	NA	NA	NA	NA	NA	NA	NA	Simulation_07	Scenario_A_indep	112928
mcmc_TrueCovs500	8	1	1	0.0030021518664307104	30.811777286710953	0.013984042662419814	0.042745671878194655	0.0712407120513196	90.52116252183913	NA	47.03173827930201	383.1949592916791	441.1232785446707	1186.203649340779	1433.2137361667944	533.2262316808414	548.8422039375325	587.1899898028306	Simulation_07	Scenario_A_indep	112928
CompNMFBase	8	1	1	0.00419191186472499	85.3587999419758	0.428061643647089	0.2808293020236205	0.2887625232741138	0.014684542020161947	7122	NA	NA	NA	NA	NA	NA	NA	NA	Simulation_08	Scenario_A_indep	126279
map_CopyOnly	8	1	1	0.004394532742199312	88.72347072541606	0.428061643647089	0.28065281594560854	0.288594841627414	24.507636654376984	1149	NA	NA	NA	NA	NA	NA	NA	NA	Simulation_08	Scenario_A_indep	126279
map_NoCopies	8	1	1	0.0011315698261816771	21.352930292210498	0.01568593381288552	0.01412501072136688	0.06339488594973108	41.25641031662623	499	NA	NA	NA	NA	NA	NA	NA	NA	Simulation_08	Scenario_A_indep	126279
map_TrueCovs	8	1	1	0.0011236197200289362	20.052070449030627	0.008482260649959151	0.0030866959032238603	0.062186518185200705	33.80685787995656	389	NA	NA	NA	NA	NA	NA	NA	NA	Simulation_08	Scenario_A_indep	126279
map_Full	8	1	1	0.001131995795549478	20.116957062029545	0.010928598180480297	0.0036874842869610265	0.06212197145051314	63.169293030103056	649	NA	NA	NA	NA	NA	NA	NA	NA	Simulation_08	Scenario_A_indep	126279
mcmc_Full	8	1	1	0.0016886913683576677	23.421580028991077	0.011944673966476175	0.003622027781485162	0.06212432211173728	98.35163710514705	NA	47.31899514913757	425.2658060926335	455.89424789905263	1278.8585710517284	1465.5135970702654	505.97844284746185	497.35559331769764	596.0982530065426	Simulation_08	Scenario_A_indep	126279
map_TrueCovs200	8	1	1	0.0011363445875500287	20.104075313685104	0.011034036240686891	0.03660065210852745	0.07415885954687224	104.55590846935908	1239	NA	NA	NA	NA	NA	NA	NA	NA	Simulation_08	Scenario_A_indep	126279
mcmc_TrueCovs200	8	1	1	0.0017104254777688432	23.8690027662472	0.012324339814931183	0.03659602881202615	0.07416002548757013	163.14970964988072	NA	50.06919867286388	424.489552965003	456.800532843153	1141.7471236581953	1434.3931367231412	563.289493424657	500.011998008288	574.1569793788057	Simulation_08	Scenario_A_indep	126279
map_TrueCovs500	8	1	1	0.001134108662076223	20.25421255789426	0.011266221223690844	0.061554109966025256	0.08958976654056168	11.279511908690134	209	NA	NA	NA	NA	NA	NA	NA	NA	Simulation_08	Scenario_A_indep	126279
mcmc_TrueCovs500	8	1	1	0.0017208587164600658	23.810125375830385	0.012416520201378463	0.06154675155380808	0.08958994699847928	36.030688579877214	NA	48.51467230295331	421.368265627366	488.8397569247044	1191.077989132926	1468.2413868805857	318.63026425749734	410.3586581493835	713.7561531557313	Simulation_08	Scenario_A_indep	126279
CompNMFBase	8	1	1	0.003797528942596768	40.243329506289676	0.29811669993982515	0.08973093201127692	0.10205136051464751	0.0031418760617574057	3350	NA	NA	NA	NA	NA	NA	NA	NA	Simulation_09	Scenario_A_indep	79835
map_CopyOnly	8	1	1	0.003819801033530365	40.946091844321835	0.29811669993982515	0.09027843372644055	0.10251081375046096	3.748957351843516	389	NA	NA	NA	NA	NA	NA	NA	NA	Simulation_09	Scenario_A_indep	79835
map_NoCopies	8	1	1	0.0020260113417165503	21.89293933139132	0.01964640053789887	0.006244966464667606	0.050397358351794735	26.240654949347178	499	NA	NA	NA	NA	NA	NA	NA	NA	Simulation_09	Scenario_A_indep	79835
map_TrueCovs	8	1	1	0.0019916847897449557	21.534453367697544	0.011054729286533223	0.0018793547184580931	0.0499901310998519	25.441459623972573	479	NA	NA	NA	NA	NA	NA	NA	NA	Simulation_09	Scenario_A_indep	79835
map_Full	8	1	1	0.0020000768288362765	21.597721217936197	0.014299842081758609	0.002378311637602021	0.049968205308089424	17.278308792908987	269	NA	NA	NA	NA	NA	NA	NA	NA	Simulation_09	Scenario_A_indep	79835
mcmc_Full	8	1	1	0.0030731356863641056	27.237384899938597	0.015998852780264756	0.002304449322297429	0.04996649909339629	140.80887516736985	NA	50.53051546054495	365.0058713963007	462.90100303296555	1139.6696439451566	1456.3128764513317	483.99463436252864	304.1171344395273	521.9493454896765	Simulation_09	Scenario_A_indep	79835
map_TrueCovs200	8	1	1	0.0020002570040065413	21.54553684828441	0.014342079122682686	0.009358579265405322	0.0507174680784364	7.256320754686992	139	NA	NA	NA	NA	NA	NA	NA	NA	Simulation_09	Scenario_A_indep	79835
mcmc_TrueCovs200	8	1	1	0.003082246988383105	27.42575171543396	0.016040994228287905	0.009376330439973048	0.0507149929908758	128.20795891284942	NA	52.07663907675585	362.5034402098311	498.0293224657575	1162.8046490657412	1559.738083102858	334.8715902885044	268.28750142213676	544.0592434927157	Simulation_09	Scenario_A_indep	79835
map_TrueCovs500	8	1	1	0.0019762487009497877	21.335922362615957	0.014374047636631651	0.016530430314068666	0.05256568340984664	9.231339355309805	169	NA	NA	NA	NA	NA	NA	NA	NA	Simulation_09	Scenario_A_indep	79835
mcmc_TrueCovs500	8	1	1	0.0030942050210152373	27.46821111661966	0.015850285102365618	0.016508482669463576	0.05256407841092278	104.96282082398733	NA	49.65847478212146	359.9041413207671	466.3250796664534	1257.090876947536	1499.999999999999	508.7192013667994	415.93879075387696	505.8085877575243	Simulation_09	Scenario_A_indep	79835
CompNMFBase	8	0.875	0.875	0.003789451610433251	53.065444258651986	0.319614826944336	0.05156045578174642	0.07190811613270087	0.0038724184036254884	3648	NA	NA	NA	NA	NA	NA	NA	NA	Simulation_10	Scenario_A_indep	80466
map_CopyOnly	9	0.75	0.6666666666666666	0.022210261805313544	110.83199112176368	0.30133574866680646	0.05104697882094854	0.07151517805545235	3.1375198086102802	359	NA	NA	NA	NA	NA	NA	NA	NA	Simulation_10	Scenario_A_indep	80466
map_NoCopies	8	1	1	0.0015748844710819726	20.64315262480612	0.018902769498423698	0.006279599634593064	0.050897927436051135	6.645108111699423	159	NA	NA	NA	NA	NA	NA	NA	NA	Simulation_10	Scenario_A_indep	80466
map_TrueCovs	8	1	1	0.001524218092927875	20.02499118087332	0.008770890011786681	0.0017735681665283663	0.05053226621446598	7.9726793964703875	189	NA	NA	NA	NA	NA	NA	NA	NA	Simulation_10	Scenario_A_indep	80466
map_Full	8	1	1	0.0015188764910482255	19.959140610431216	0.012792538782611756	0.002257179879911266	0.05050601580131939	12.634111607074738	239	NA	NA	NA	NA	NA	NA	NA	NA	Simulation_10	Scenario_A_indep	80466
mcmc_Full	8	1	1	0.0024706493190037168	23.6296060078956	0.014174926522174006	0.002125430144327045	0.050503499975965274	149.65290928284327	NA	54.04662846304797	443.9329987998202	488.0870755724166	1304.0148340986245	1362.8907028330973	528.9556260045063	480.4276921881944	529.504999426638	Simulation_10	Scenario_A_indep	80466
map_TrueCovs200	8	1	1	0.0015267428132851072	20.015964692093117	0.012786424926276038	0.00599200156084693	0.050814491825642294	8.27822409470876	159	NA	NA	NA	NA	NA	NA	NA	NA	Simulation_10	Scenario_A_indep	80466
mcmc_TrueCovs200	8	1	1	0.002509497528091955	24.12052140196939	0.014510376182021488	0.005922121507073167	0.0508112047511598	127.84604074557622	NA	52.320405248795666	444.5863124432292	466.53827303307895	1120.463651137894	1480.8044830677359	496.3529860151873	321.3645620332791	593.4156384508657	Simulation_10	Scenario_A_indep	80466
map_TrueCovs500	8	1	1	0.0014990760955695085	19.97515694284588	0.012745390021131488	0.01027968332194124	0.05143237476406442	11.233562115828196	209	NA	NA	NA	NA	NA	NA	NA	NA	Simulation_10	Scenario_A_indep	80466
mcmc_TrueCovs500	8	1	1	0.0024969042466977255	24.011181394310153	0.014180943754705862	0.01024314309406821	0.051428513947500705	103.79892690181732	NA	51.32145296436023	439.161311544056	468.77224301253017	1267.0317811817029	1502.0480776930108	494.3722940945389	430.13590718890555	582.502466302788	Simulation_10	Scenario_A_indep	80466
CompNMFBase	8	1	1	0.002578278208364925	62.23170003830215	0.4092595776074413	0.2215234610456324	0.23005018071574704	0.003951537609100342	3993	NA	NA	NA	NA	NA	NA	NA	NA	Simulation_11	Scenario_A_indep	125223
map_CopyOnly	8	1	1	0.002555124852305736	58.52097371011326	0.4092595776074413	0.22159528648080512	0.23012166940261491	8.262386500835419	499	NA	NA	NA	NA	NA	NA	NA	NA	Simulation_11	Scenario_A_indep	125223
map_NoCopies	8	1	1	0.0010891472986254713	30.096665169379396	0.01646316696849758	0.01877388185589285	0.06563359073939702	166.32173823515575	1869	NA	NA	NA	NA	NA	NA	NA	NA	Simulation_11	Scenario_A_indep	125223
map_TrueCovs	8	1	1	0.0011226599773616554	22.03728917895947	0.007156615445521688	0.0028450774644375714	0.06331106721335213	37.75761306683223	519	NA	NA	NA	NA	NA	NA	NA	NA	Simulation_11	Scenario_A_indep	125223
map_Full	8	1	1	0.0011212647109383866	21.956241467875188	0.009328854459069605	0.003294927610361339	0.06324014754073876	20.851578883330028	409	NA	NA	NA	NA	NA	NA	NA	NA	Simulation_11	Scenario_A_indep	125223
mcmc_Full	8	1	1	0.0018131061465835971	26.687521255423253	0.010839516467036464	0.0033177694748157504	0.06323436915724018	35.70287564992905	NA	48.381828159638495	438.14092271610144	471.88137915312103	1323.6420759875657	1488.735249952933	533.2200992531187	417.50086156984054	602.4998727751357	Simulation_11	Scenario_A_indep	125223
map_TrueCovs200	8	1	1	0.0011342159202260423	22.08640123498411	0.00915304127693731	0.031106319068710416	0.07071823622034194	38.82474256356557	489	NA	NA	NA	NA	NA	NA	NA	NA	Simulation_11	Scenario_A_indep	125223
mcmc_TrueCovs200	8	1	1	0.001838812649954201	26.497937202783916	0.009765533304513739	0.03109098828556133	0.07068972909025555	171.2431731979052	NA	50.395059350792224	434.4984041350498	479.26841689145186	1215.5296866320684	1485.7428167256344	588.4415421479615	527.7061724732027	622.3187887261225	Simulation_11	Scenario_A_indep	125223
map_TrueCovs500	8	1	1	0.001139036765451395	22.148639152218475	0.008997100382403332	0.04629491544724552	0.07841683862053932	46.03610595464706	639	NA	NA	NA	NA	NA	NA	NA	NA	Simulation_11	Scenario_A_indep	125223
mcmc_TrueCovs500	8	1	1	0.0018430006261397787	26.792729001776323	0.010347240866897487	0.04631052600045715	0.07840683310571812	55.60625043312709	NA	50.510223378686355	433.4068277291167	488.6923932584038	1345.1958997829142	1434.9973421758007	562.4330220415494	393.3127598053748	587.8541722508401	Simulation_11	Scenario_A_indep	125223
CompNMFBase	8	1	1	0.0027402954686942585	46.27414348565157	0.3882891856387227	0.22798835086226452	0.2373407337509639	0.014112011591593424	6483	NA	NA	NA	NA	NA	NA	NA	NA	Simulation_12	Scenario_A_indep	126807
map_CopyOnly	8	1	1	0.0026267974300397895	33.69921184492967	0.3882891856387227	0.2274171807520582	0.23678568914023482	15.172495587666829	789	NA	NA	NA	NA	NA	NA	NA	NA	Simulation_12	Scenario_A_indep	126807
map_NoCopies	9	1	1	0.011756510754388766	523.2179127166661	0.20901934086708035	0.02050322480637049	0.06584607393096546	28.15142264763514	359	NA	NA	NA	NA	NA	NA	NA	NA	Simulation_12	Scenario_A_indep	126807
map_TrueCovs	8	1	1	0.0013378640116726253	22.919177522633102	0.006741915561363882	0.0021135348715167128	0.0619128666879728	18.52832976182302	239	NA	NA	NA	NA	NA	NA	NA	NA	Simulation_12	Scenario_A_indep	126807
map_Full	8	1	1	0.0013326933095946954	22.885510945298055	0.010778104301510726	0.003457751058445655	0.06185752730126076	45.37836438814799	489	NA	NA	NA	NA	NA	NA	NA	NA	Simulation_12	Scenario_A_indep	126807
mcmc_Full	8	1	1	0.0026680418063908464	26.748751868691556	0.012208907739105998	0.003522232786721625	0.061867939571455775	143.82853044668835	NA	47.510493469982066	436.11745184100846	463.6860425339198	1333.7682104268222	1520.0462946682474	437.3936111087608	325.7165125963629	534.125392330906	Simulation_12	Scenario_A_indep	126807
map_TrueCovs200	8	1	1	0.0013415139079352109	22.922228292458826	0.01076967258332843	0.03030409191961652	0.06983042166236016	39.52875234683355	489	NA	NA	NA	NA	NA	NA	NA	NA	Simulation_12	Scenario_A_indep	126807
mcmc_TrueCovs200	8	1	1	0.0027132259967173867	26.87031267359356	0.01183727576454016	0.030316897884148167	0.06981296573166318	173.112740166982	NA	49.98478287976897	434.7667813117918	473.9096081378956	1147.0593064075754	1442.379030249103	546.1959970157625	432.99825943230684	593.5179974424676	Simulation_12	Scenario_A_indep	126807
map_TrueCovs500	8	1	1	0.0013253752095138457	22.901837889962906	0.011044948644412623	0.055483655763374495	0.08568246296265002	23.73685848712921	299	NA	NA	NA	NA	NA	NA	NA	NA	Simulation_12	Scenario_A_indep	126807
mcmc_TrueCovs500	8	1	1	0.0027206205274783535	27.26065464668227	0.01243184587479413	0.055486125903623625	0.08568296697805827	72.58313780228296	NA	48.18954395711641	431.70733649850723	470.99615067666525	1309.7122220983738	1489.5145894462387	546.118414563832	498.51120750748373	605.113587960741	Simulation_12	Scenario_A_indep	126807
CompNMFBase	8	1	1	0.003736183670717083	40.80561595686171	0.29453821854504075	0.050978676294433124	0.06868853663347146	0.015373663107554118	5072	NA	NA	NA	NA	NA	NA	NA	NA	Simulation_13	Scenario_A_indep	68030
map_CopyOnly	8	1	1	0.0037726485621382105	41.15470571133982	0.29453821854504075	0.05039071844033292	0.0682655127157239	7.247344720363617	809	NA	NA	NA	NA	NA	NA	NA	NA	Simulation_13	Scenario_A_indep	68030
map_NoCopies	8	1	1	0.0016873722356395724	20.371588565726412	0.020360705430258176	0.006114232848729098	0.04635035132367727	7.1049830158551535	159	NA	NA	NA	NA	NA	NA	NA	NA	Simulation_13	Scenario_A_indep	68030
map_TrueCovs	8	1	1	0.0016597732751262207	19.9866996121517	0.01245831118155745	0.0019392732678021175	0.04604619538605505	5.283698713779449	129	NA	NA	NA	NA	NA	NA	NA	NA	Simulation_13	Scenario_A_indep	68030
map_Full	8	1	1	0.001650513311183164	19.924662421362832	0.016096346123461853	0.0025020493269758276	0.046000877321048385	6.897861874103546	139	NA	NA	NA	NA	NA	NA	NA	NA	Simulation_13	Scenario_A_indep	68030
mcmc_Full	8	1	1	0.002334797604288837	26.619692190094987	0.016918326469273437	0.002369078802346636	0.04600014385560153	139.40108402570087	NA	49.229072410557634	344.87475311957047	437.8415814659947	943.588104785715	1422.49893343653	495.56517530457535	302.3967367973303	587.9382344537365	Simulation_13	Scenario_A_indep	68030
map_TrueCovs200	8	1	1	0.0016541631931483872	19.953540369857816	0.016033507009208914	0.005320168452895505	0.04623342763140883	7.94008115530014	179	NA	NA	NA	NA	NA	NA	NA	NA	Simulation_13	Scenario_A_indep	68030
mcmc_TrueCovs200	8	1	1	0.0023358483745475034	26.387480615918815	0.016900056212377515	0.005297384772926232	0.046232318210035137	115.78911375602087	NA	51.7776243088366	346.3685228545043	442.7370317783694	1152.3992011188593	1458.5092814308491	440.57865050665816	316.6016724331179	544.2931146327239	Simulation_13	Scenario_A_indep	68030
map_TrueCovs500	8	1	1	0.0016736189355639156	20.198232572432143	0.01618270066821602	0.008862001884003377	0.04676450311804689	10.022825646400452	209	NA	NA	NA	NA	NA	NA	NA	NA	Simulation_13	Scenario_A_indep	68030
mcmc_TrueCovs500	8	1	1	0.0023642841637278567	27.058938707469565	0.017266146063542556	0.008833793651368363	0.04676580133105943	97.66699105501175	NA	48.3892540816788	341.469832708354	421.8509422503246	1243.622062088945	1405.7721012471416	409.05362413380954	266.71935347464415	595.0359896936798	Simulation_13	Scenario_A_indep	68030
CompNMFBase	8	1	1	0.0028851827730777195	53.60808404531961	0.37517128274455	0.12153418382113616	0.13587701221559242	0.02390314737955729	8341	NA	NA	NA	NA	NA	NA	NA	NA	Simulation_14	Scenario_A_indep	105524
map_CopyOnly	8	1	1	0.0028724985948908825	52.35466396680033	0.37517128274455	0.12140653612358954	0.13571216680546633	18.056837213039397	1059	NA	NA	NA	NA	NA	NA	NA	NA	Simulation_14	Scenario_A_indep	105524
map_NoCopies	8	1	1	0.0013774861137485865	25.34992600082277	0.018459244570227542	0.00834377388860381	0.058234998423316996	14.979712216059367	219	NA	NA	NA	NA	NA	NA	NA	NA	Simulation_14	Scenario_A_indep	105524
map_TrueCovs	8	1	1	0.0014056870654960978	24.30339173741717	0.010004553485137922	0.0027151229929288753	0.057564020093782094	32.54367281198502	499	NA	NA	NA	NA	NA	NA	NA	NA	Simulation_14	Scenario_A_indep	105524
map_Full	8	1	1	0.0014064227306874036	24.310474604352184	0.013138119606938892	0.003188896672825152	0.05754187682344035	51.69577827453613	629	NA	NA	NA	NA	NA	NA	NA	NA	Simulation_14	Scenario_A_indep	105524
mcmc_Full	8	1	1	0.0020225443599157307	31.646945150430604	0.01453496409327994	0.003261255968443351	0.057546136375096396	132.19114012320836	NA	46.975086568356815	350.05941075331856	398.08284618057615	1247.023255913848	1499.9999999999995	433.9014411560375	355.2807546935384	558.9498722969641	Simulation_14	Scenario_A_indep	105524
map_TrueCovs200	8	1	1	0.0014012373158248117	24.68430207977352	0.013138742427940388	0.014917936585375961	0.059453149916143304	19.417336905002593	299	NA	NA	NA	NA	NA	NA	NA	NA	Simulation_14	Scenario_A_indep	105524
mcmc_TrueCovs200	8	1	1	0.0020155058251386734	31.775968197694485	0.014227391864473072	0.014912330945312337	0.059449558623704366	152.25090100367862	NA	44.526724570624616	352.9092625062034	421.4715041262101	1212.3348420774728	1481.7076097994734	363.46755257908245	316.58752064260506	583.5378809703298	Simulation_14	Scenario_A_indep	105524
map_TrueCovs500	8	1	1	0.0014155052998438562	25.13626295827177	0.013143465859850044	0.024737704532516683	0.062159281853593096	10.739064804712932	169	NA	NA	NA	NA	NA	NA	NA	NA	Simulation_14	Scenario_A_indep	105524
mcmc_TrueCovs500	8	1	1	0.002034533156590143	32.624941348914035	0.014433414136619194	0.024764633911960293	0.06215441947560719	106.65210485061009	NA	46.91736735346068	349.1585011630238	407.98601158474565	1245.3562639415354	1461.0793799255391	527.3654440158332	477.2411708386726	592.5279499649273	Simulation_14	Scenario_A_indep	105524
CompNMFBase	8	1	1	0.003072731827928171	41.246356164631024	0.352507015420041	0.36403828744509836	0.3694345841568741	0.0025812029838562013	1878	NA	NA	NA	NA	NA	NA	NA	NA	Simulation_15	Scenario_A_indep	109391
map_CopyOnly	8	1	1	0.0031385399106547314	41.59482167336555	0.352507015420041	0.3643463757679757	0.36974334440484374	20.82620370388031	1139	NA	NA	NA	NA	NA	NA	NA	NA	Simulation_15	Scenario_A_indep	109391
map_NoCopies	8	1	1	0.001366274395911688	38.92158339272545	0.018354350430304072	0.04126186681004028	0.07172482314829334	107.64353990157446	1339	NA	NA	NA	NA	NA	NA	NA	NA	Simulation_15	Scenario_A_indep	109391
map_TrueCovs	8	1	1	0.0013304877908765572	18.994282872284032	0.008268128382096746	0.00339139881762173	0.05827456496105526	36.423976127306624	449	NA	NA	NA	NA	NA	NA	NA	NA	Simulation_15	Scenario_A_indep	109391
map_Full	8	1	1	0.001338330986995069	19.092972504008365	0.011562865077569465	0.00404634839029993	0.058291380216090594	9.582221162319183	109	NA	NA	NA	NA	NA	NA	NA	NA	Simulation_15	Scenario_A_indep	109391
mcmc_Full	8	1	1	0.002342657484512114	24.630254927247087	0.012241101552245491	0.004625006892505997	0.05834574015534654	85.91759713490805	NA	52.616757569649636	435.67816541622483	489.240789461174	1298.1418020209148	1482.578038450914	495.9912156645317	340.51334855947835	549.7387344271349	Simulation_15	Scenario_A_indep	109391
map_TrueCovs200	8	1	1	0.0013503782529831227	19.303246943852788	0.011765570416204598	0.04540991143039334	0.07380543953680932	12.252657496929169	189	NA	NA	NA	NA	NA	NA	NA	NA	Simulation_15	Scenario_A_indep	109391
mcmc_TrueCovs200	8	1	1	0.002318946867278407	25.2982473979353	0.012606800391626349	0.045391933127223456	0.07378785051239904	154.68616093794506	NA	51.64308221940667	434.8377086421666	484.45176128525327	1256.257305284674	1298.576096731289	411.81678243543786	386.20525482705364	646.9396885347641	Simulation_15	Scenario_A_indep	109391
map_TrueCovs500	8	1	1	0.001353342032031577	19.078001890760557	0.0122127798570746	0.07661994808349328	0.09803469238285815	43.097583667437235	649	NA	NA	NA	NA	NA	NA	NA	NA	Simulation_15	Scenario_A_indep	109391
mcmc_TrueCovs500	8	1	1	0.0023528768541360725	24.91376560588783	0.013412400237624664	0.07660635666311329	0.09800797930605072	89.3582334280014	NA	50.22401761510874	426.7950608212598	486.8730546180385	1216.686427333815	1374.6195122463191	529.2663274909039	382.37295876165996	557.4520386214223	Simulation_15	Scenario_A_indep	109391
CompNMFBase	8	1	1	0.003957427168969921	54.689145231078484	0.33912508342938086	0.07899124154823799	0.09619401961183051	0.010975730419158936	5850	NA	NA	NA	NA	NA	NA	NA	NA	Simulation_16	Scenario_A_indep	91389
map_CopyOnly	8	1	1	0.004040155910884009	55.20037774530757	0.33912508342938086	0.0789434969865827	0.09616872602882558	4.921066919962565	439	NA	NA	NA	NA	NA	NA	NA	NA	Simulation_16	Scenario_A_indep	91389
map_NoCopies	8	1	1	0.001459901141433716	21.882824718326034	0.01771595268311482	0.00540108494380909	0.053226760949713764	19.992215653260548	379	NA	NA	NA	NA	NA	NA	NA	NA	Simulation_16	Scenario_A_indep	91389
map_TrueCovs	8	1	1	0.0014273417997129286	21.649087572444692	0.011418603897307122	0.0019868183997793646	0.05310043192902668	26.133248567581177	489	NA	NA	NA	NA	NA	NA	NA	NA	Simulation_16	Scenario_A_indep	91389
map_Full	8	1	1	0.001401563782935876	21.52820790637423	0.01369126989785449	0.0025161966985350437	0.053073473387627454	17.167958883444467	259	NA	NA	NA	NA	NA	NA	NA	NA	Simulation_16	Scenario_A_indep	91389
mcmc_Full	8	1	1	0.0025613227037310977	27.74025103029521	0.01615022779266966	0.002647185274664475	0.0530739771368666	150.1613793373108	NA	49.4887991303602	361.5028893441728	476.0411383292687	1258.3853112596391	1449.349640829326	570.2812543294773	552.2972168326169	605.8141120712394	Simulation_16	Scenario_A_indep	91389
map_TrueCovs200	8	1	1	0.0014086732105504272	21.599885335391278	0.013511150289214584	0.009385060039326612	0.05383993068579662	13.376193300882976	229	NA	NA	NA	NA	NA	NA	NA	NA	Simulation_16	Scenario_A_indep	91389
mcmc_TrueCovs200	8	1	1	0.0026122727678732326	28.470957537550248	0.016735982922629716	0.009425297689327022	0.05383567650774366	139.28506511847178	NA	51.070598979298104	365.4235538885485	463.7313370429082	1124.4823397730645	1545.4435346400614	328.8615655717598	212.6578282970215	634.027697593103	Simulation_16	Scenario_A_indep	91389
map_TrueCovs500	8	1	1	0.0014587351411069736	21.99199623461364	0.013524260889454564	0.01618338427497847	0.055814256216827667	26.802826023101808	469	NA	NA	NA	NA	NA	NA	NA	NA	Simulation_16	Scenario_A_indep	91389
mcmc_TrueCovs500	8	1	1	0.0026184891153102343	28.745038074660776	0.016189684537080105	0.016181144142105922	0.055815103746761234	102.63740862210591	NA	49.12048085866434	358.95438655023275	465.5049902698499	1142.9736951363357	1499.9999999999998	543.347915627512	468.80170034584114	624.9066559301314	Simulation_16	Scenario_A_indep	91389
CompNMFBase	8	1	1	0.003332099539690612	36.01225105141494	0.2577007598141794	0.031034157369529834	0.05494237634910592	0.0022034327189127604	2233	NA	NA	NA	NA	NA	NA	NA	NA	Simulation_17	Scenario_A_indep	65761
map_CopyOnly	8	1	1	0.0033563012890440295	38.03514974441035	0.2577007598141794	0.03060828610230622	0.05468305109043024	3.1145974079767864	409	NA	NA	NA	NA	NA	NA	NA	NA	Simulation_17	Scenario_A_indep	65761
map_NoCopies	8	1	1	0.001741125279067128	19.43750066193644	0.021105554249568857	0.0047293290685541094	0.04568774371026547	21.42228512366613	489	NA	NA	NA	NA	NA	NA	NA	NA	Simulation_17	Scenario_A_indep	65761
map_TrueCovs	8	1	1	0.0017443038423606487	20.26371052580886	0.010818897622858197	0.001180354544793309	0.04545065553390005	11.923315441608429	289	NA	NA	NA	NA	NA	NA	NA	NA	Simulation_17	Scenario_A_indep	65761
map_Full	8	1	1	0.0017572242312432341	20.34699035211574	0.016314618487409515	0.0013090625487039902	0.04544255146667653	13.634158039093018	269	NA	NA	NA	NA	NA	NA	NA	NA	Simulation_17	Scenario_A_indep	65761
mcmc_Full	8	1	1	0.0024309967239944308	28.45208354966777	0.019424656446731938	0.0012406603659960486	0.04544043721977323	133.6297642350197	NA	52.513450364193595	358.7277455905255	456.83081163553595	1093.7487247064155	1431.4051804041542	476.62625314299675	241.08935582407952	566.0752683247553	Simulation_17	Scenario_A_indep	65761
map_TrueCovs200	8	1	1	0.00176082226081378	20.257466933877925	0.01607403750197619	0.003272460315976344	0.045566090173659646	17.61474825143814	399	NA	NA	NA	NA	NA	NA	NA	NA	Simulation_17	Scenario_A_indep	65761
mcmc_TrueCovs200	8	1	1	0.00241859799100305	27.755879270270967	0.019028708355967434	0.003247106045636636	0.045560319231164034	114.50079534053802	NA	50.737870242177756	361.6801724089457	459.4317430247782	1227.0206301004798	1471.266129953621	337.3400996113109	292.9071241882081	579.4510948656593	Simulation_17	Scenario_A_indep	65761
map_TrueCovs500	8	1	1	0.0017659495383452208	20.207978082269605	0.01623015228360051	0.005534122600340439	0.045798870814956594	10.88332115014394	239	NA	NA	NA	NA	NA	NA	NA	NA	Simulation_17	Scenario_A_indep	65761
mcmc_TrueCovs500	8	1	1	0.002458211320885931	28.175462645798603	0.01897140462537358	0.005506397654551648	0.045796795517825804	95.5214689652125	NA	51.77551325919113	358.3421240514627	427.9297309069383	914.1958911446202	1500.0000000000002	424.7384484651295	371.7819389898495	548.4532239266989	Simulation_17	Scenario_A_indep	65761
CompNMFBase	8	1	1	0.0032871268539957526	49.25138090333769	0.3347336613039894	0.09925932646612565	0.11293775682364683	0.005884122848510742	1973	NA	NA	NA	NA	NA	NA	NA	NA	Simulation_18	Scenario_A_indep	93446
map_CopyOnly	8	1	1	0.003361282753010971	50.62736322403122	0.3347336613039894	0.09926002777410062	0.11292163187981345	4.672807470957438	409	NA	NA	NA	NA	NA	NA	NA	NA	Simulation_18	Scenario_A_indep	93446
map_NoCopies	8	1	1	0.0013172552570839356	23.601199853220425	0.01654802055423211	0.008377728727974114	0.05437067883244986	9.053790851434071	179	NA	NA	NA	NA	NA	NA	NA	NA	Simulation_18	Scenario_A_indep	93446
map_TrueCovs	8	1	1	0.001223447870746574	22.119723315332287	0.010129476900904192	0.001846003695221832	0.053812069476071145	16.106249101956685	319	NA	NA	NA	NA	NA	NA	NA	NA	Simulation_18	Scenario_A_indep	93446
map_Full	8	1	1	0.0012245148441631078	22.135292662608116	0.012817627610426988	0.002092769312980404	0.05379938817960854	31.89637970527013	509	NA	NA	NA	NA	NA	NA	NA	NA	Simulation_18	Scenario_A_indep	93446
mcmc_Full	8	1	1	0.0021990914618928883	25.372202417470604	0.015391537018182204	0.0019877221530287467	0.053793397445716415	153.02949615319568	NA	51.901954191727455	404.1338958116288	397.3320867817886	1188.557586632167	1465.6787839247643	455.44395246095206	232.19422491901608	563.3626931224728	Simulation_18	Scenario_A_indep	93446
map_TrueCovs200	8	1	1	0.0012233757457032488	22.04318897479921	0.012796981887704624	0.010408341916675399	0.054449491417422245	11.10625179608663	189	NA	NA	NA	NA	NA	NA	NA	NA	Simulation_18	Scenario_A_indep	93446
mcmc_TrueCovs200	8	1	1	0.002200479523662668	25.387457989598072	0.015628562074378953	0.010399460839128289	0.05444435090626072	142.0356301744779	NA	50.482642238376656	398.9705343857234	414.3424850727561	1153.9235672173354	1482.4400828175526	549.8254689409838	378.9872989847941	612.6245582625048	Simulation_18	Scenario_A_indep	93446
map_TrueCovs500	8	1	1	0.001224830214078017	22.043796169229616	0.013304635755349578	0.017593709097774843	0.055885017296746844	21.818788325786592	369	NA	NA	NA	NA	NA	NA	NA	NA	Simulation_18	Scenario_A_indep	93446
mcmc_TrueCovs500	8	1	1	0.0022237867118551696	25.67193150818667	0.01649897608147687	0.017595989818903528	0.05588390424605425	104.24193972746531	NA	50.30782204496094	399.35331196779924	399.49828417732914	1258.3005844915874	1399.5023578665173	400.4572931710247	321.31799882609107	550.0885588924881	Simulation_18	Scenario_A_indep	93446
CompNMFBase	8	1	1	0.0034569407678617715	40.51842020722563	0.3053324793758224	0.06165104239690161	0.07895801824547723	0.01578706900278727	6093	NA	NA	NA	NA	NA	NA	NA	NA	Simulation_19	Scenario_A_indep	80647
map_CopyOnly	8	1	1	0.003303149180858725	39.850991636591026	0.3053324793758224	0.06109593088266336	0.07849874584747643	3.2582022825876873	339	NA	NA	NA	NA	NA	NA	NA	NA	Simulation_19	Scenario_A_indep	80647
map_NoCopies	8	1	1	0.0016651428010611567	20.314245996898908	0.020453864878660355	0.006218393922109063	0.05058991172029865	21.148851644992828	419	NA	NA	NA	NA	NA	NA	NA	NA	Simulation_19	Scenario_A_indep	80647
map_TrueCovs	8	1	1	0.0016402286153652953	20.19465809411404	0.012890228437768199	0.0016392520784181614	0.050119046581561334	10.34261160294215	199	NA	NA	NA	NA	NA	NA	NA	NA	Simulation_19	Scenario_A_indep	80647
map_Full	8	1	1	0.0016631485583584993	20.359513258120806	0.01616163492360224	0.002130116569246488	0.05009140659107197	32.70196568965912	519	NA	NA	NA	NA	NA	NA	NA	NA	Simulation_19	Scenario_A_indep	80647
mcmc_Full	8	1	1	0.0025941883964362244	27.35971860502576	0.019950937853893777	0.002055689200266824	0.050084399063800356	143.2035469889641	NA	49.10004479406131	370.7285991229437	383.4369736685602	1065.4540978103728	1428.9659835795205	480.4133487951738	330.70602241413616	522.906424032209	Simulation_19	Scenario_A_indep	80647
map_TrueCovs200	8	1	1	0.0016708279470866595	20.388309773020243	0.016180504949120395	0.007362267799223894	0.05066927020706014	44.387499944369	759	NA	NA	NA	NA	NA	NA	NA	NA	Simulation_19	Scenario_A_indep	80647
mcmc_TrueCovs200	8	1	1	0.00258801383193788	27.24739541000222	0.019977817897802883	0.0073431070880427595	0.05066731589337938	128.4622087796529	NA	48.29245297695429	373.6198012907475	405.3618992613309	961.5719824511876	1393.4928533914633	519.9874728523035	287.2204633705052	553.4103386941636	Simulation_19	Scenario_A_indep	80647
map_TrueCovs500	8	1	1	0.0016782082897012361	20.50165621182389	0.01620611493040436	0.013284441880415929	0.05178939404873587	10.777977323532104	209	NA	NA	NA	NA	NA	NA	NA	NA	Simulation_19	Scenario_A_indep	80647
mcmc_TrueCovs500	8	1	1	0.002599729663795163	27.456357198320646	0.0205281670486326	0.0132756139894623	0.05178525184342162	95.11894063949585	NA	48.57309619505749	367.42751955593866	394.6379893487033	1086.3028111240496	1459.7634484850175	539.1101968422636	234.38462894228041	535.1946007447654	Simulation_19	Scenario_A_indep	80647
CompNMFBase	8	1	1	0.0031383796884004787	48.969657035067875	0.3729719953417116	0.14990901370087997	0.16145796687467506	0.024586419264475506	7630	NA	NA	NA	NA	NA	NA	NA	NA	Simulation_20	Scenario_A_indep	112750
map_CopyOnly	8	1	1	0.003322132301453135	46.27154280648213	0.3729719953417116	0.15110736846144504	0.1625596199762083	11.523208399613699	709	NA	NA	NA	NA	NA	NA	NA	NA	Simulation_20	Scenario_A_indep	112750
map_NoCopies	8	1	1	0.0014248387479785661	22.318275828285703	0.015746573321946507	0.007832788327902615	0.05961935883079013	14.25225000778834	229	NA	NA	NA	NA	NA	NA	NA	NA	Simulation_20	Scenario_A_indep	112750
map_TrueCovs	8	1	1	0.001420850101660893	20.639886151634773	0.01015328625615084	0.0022914626454626362	0.05908254119097599	24.834183235963184	409	NA	NA	NA	NA	NA	NA	NA	NA	Simulation_20	Scenario_A_indep	112750
map_Full	9	0.875	0.7777777777777778	0.02526387305692882	122.80032476348036	0.13769202990556326	0.0027692363015999547	0.059063281308485385	20.687606803576152	279	NA	NA	NA	NA	NA	NA	NA	NA	Simulation_20	Scenario_A_indep	112750
mcmc_Full	8	1	1	0.0022295916587160135	24.185367034927655	0.010862676247239004	0.0024506667294502235	0.05906390332400763	159.26387272278467	NA	47.85722895341648	392.16420955807683	432.668068048923	1174.3153775453454	1423.4439861518538	419.9715302763077	305.4905999026268	509.3935103133191	Simulation_20	Scenario_A_indep	112750
map_TrueCovs200	8	1	1	0.0014257573868427654	20.65990242325278	0.011403039496017136	0.016473273971226866	0.06134764838636799	17.315150304635367	249	NA	NA	NA	NA	NA	NA	NA	NA	Simulation_20	Scenario_A_indep	112750
mcmc_TrueCovs200	8	1	1	0.0022490501216630714	24.57203703969098	0.011627563108694602	0.01646967528769476	0.06134886827260536	158.42164480288824	NA	46.89197310874116	392.6117296971524	440.84804828171826	1250.8341274930608	1527.8102800643562	570.8281300180134	305.15398108707063	537.234812463454	Simulation_20	Scenario_A_indep	112750
map_TrueCovs500	8	1	1	0.0014262517890364869	20.78466803614032	0.011775606863798364	0.0286206959748354	0.06556048868899551	47.7900022427241	719	NA	NA	NA	NA	NA	NA	NA	NA	Simulation_20	Scenario_A_indep	112750
mcmc_TrueCovs500	8	1	1	0.0022524438859955745	24.588885512168712	0.011937204400708227	0.02861494763839455	0.06555938675810485	79.5496289730072	NA	47.55030495271191	394.18103983892075	442.3482089710031	1172.931399369021	1463.9970411414452	400.7378173050815	308.17142093037927	489.0449259614167	Simulation_20	Scenario_A_indep	112750
CompNMFBase	8	1	1	0.0033062919101116456	41.17612397064999	0.27662780724982383	0.06254898687498282	0.07954975028750864	0.0038700421651204427	2032	NA	NA	NA	NA	NA	NA	NA	NA	Simulation_01	Scenario_B_corr	77713
map_CopyOnly	8	1	1	0.0033243807747299573	41.19541191764718	0.27662780724982383	0.06244286676727143	0.07947286505213494	4.182821130752563	469	NA	NA	NA	NA	NA	NA	NA	NA	Simulation_01	Scenario_B_corr	77713
map_NoCopies	8	1	1	0.0015520268707405406	21.664935438879926	0.029760894179064704	0.006594760348027426	0.04932657833296358	19.817515869935352	399	NA	NA	NA	NA	NA	NA	NA	NA	Simulation_01	Scenario_B_corr	77713
map_TrueCovs	8	1	1	0.0015361248812651104	21.261677977369388	0.010495270950188406	0.0011798124211621602	0.048958123227230074	11.106116318702698	239	NA	NA	NA	NA	NA	NA	NA	NA	Simulation_01	Scenario_B_corr	77713
map_Full	8	1	1	0.0015379872293613864	21.39342980337444	0.020752007523449818	0.0018643585220047135	0.04893892776083367	8.891014019648233	159	NA	NA	NA	NA	NA	NA	NA	NA	Simulation_01	Scenario_B_corr	77713
mcmc_Full	8	1	1	0.0022153812493337687	26.890039698777112	0.022240221510202607	0.00201920265069677	0.04893999660946033	149.04746837615966	NA	19.300983610424165	357.4285638336664	486.5439266138271	1240.3208481054496	1350.2739560407927	547.6537157018585	452.1665871437225	637.7858401064901	Simulation_01	Scenario_B_corr	77713
map_TrueCovs200	8	1	1	0.0015467029865175346	21.229512750813768	0.021012320391220248	0.006057885573715388	0.04919695594442723	14.683805294831593	289	NA	NA	NA	NA	NA	NA	NA	NA	Simulation_01	Scenario_B_corr	77713
mcmc_TrueCovs200	8	1	1	0.0022112670495016778	26.799742882667285	0.024832816670091865	0.006090874624633208	0.04919792677053037	127.84371965726217	NA	21.955443018945886	354.4482433097821	471.33053454146324	1215.5067007022938	1385.4451269392684	413.3009640496769	296.73150298242575	628.4216208758804	Simulation_01	Scenario_B_corr	77713
map_TrueCovs500	8	1	1	0.001571517677277715	21.263696990035438	0.02093822469418256	0.01065478780451446	0.050086137081794734	17.49228916168213	349	NA	NA	NA	NA	NA	NA	NA	NA	Simulation_01	Scenario_B_corr	77713
mcmc_TrueCovs500	8	1	1	0.0022476883675261244	26.824212238203966	0.026257926133655744	0.010692615409413199	0.050087210488641655	104.44200500249862	NA	16.657114106194502	354.65412191557954	476.0486499390434	1264.1413784145523	1242.5931809149556	375.40175119050264	227.28531153187024	547.4777883362062	Simulation_01	Scenario_B_corr	77713
CompNMFBase	8	1	1	0.0023793058931844816	38.540800723492026	0.3250728967104417	0.13273019296078786	0.14534432478893491	0.008026587963104247	4173	NA	NA	NA	NA	NA	NA	NA	NA	Simulation_02	Scenario_B_corr	105228
map_CopyOnly	8	1	1	0.00257679097692887	55.240905020683236	0.3250728967104417	0.13191022846367415	0.14461104468965066	6.752664156754812	499	NA	NA	NA	NA	NA	NA	NA	NA	Simulation_02	Scenario_B_corr	105228
map_NoCopies	8	1	1	0.0013329883854834408	23.501021245661057	0.036243089575752584	0.008919179481907668	0.05794010144181635	33.582733456293745	499	NA	NA	NA	NA	NA	NA	NA	NA	Simulation_02	Scenario_B_corr	105228
map_TrueCovs	8	1	1	0.0013292547204781496	22.550191027738954	0.008463339954205978	0.0021916109865846704	0.05740523007482352	52.05286552508672	719	NA	NA	NA	NA	NA	NA	NA	NA	Simulation_02	Scenario_B_corr	105228
map_Full	8	1	1	0.001331204903115137	22.667552648084104	0.03107514511677018	0.002947266937833891	0.05738218692718716	31.808260413010917	369	NA	NA	NA	NA	NA	NA	NA	NA	Simulation_02	Scenario_B_corr	105228
mcmc_Full	8	1	1	0.0021071286685351537	27.874960776953582	0.03709755520135634	0.003136885811623374	0.05738041390667867	117.13716340065002	NA	17.494285994411943	368.7491855579098	494.27642339482014	1384.2785307414215	1415.2527715051292	333.75409284766215	337.824050535765	563.2774775688007	Simulation_02	Scenario_B_corr	105228
map_TrueCovs200	9	0.875	0.7777777777777778	0.027351791936119252	129.90528121699063	0.1305980558617959	0.014012091739803957	0.05878782218703059	22.567436778545378	339	NA	NA	NA	NA	NA	NA	NA	NA	Simulation_02	Scenario_B_corr	105228
mcmc_TrueCovs200	8	1	1	0.0021032308529438087	27.528338868062967	0.032569730645328664	0.01407158885489011	0.05878555301124488	153.2985996246338	NA	18.093425855763602	371.4475988698444	476.59771339678167	1254.2942474813462	1357.2559426978894	393.7999673472565	266.3885252837831	550.3877154923379	Simulation_02	Scenario_B_corr	105228
map_TrueCovs500	8	1	1	0.0013330949985346388	22.716267473669195	0.03314002043785333	0.0267145862180322	0.06292293940972177	91.21956086158752	1449	NA	NA	NA	NA	NA	NA	NA	NA	Simulation_02	Scenario_B_corr	105228
mcmc_TrueCovs500	8	1	1	0.0021235557965883787	27.987151624354546	0.03161805529994632	0.0267157896618737	0.06291978374424412	38.33482956091563	NA	17.004265889164277	366.6401546245824	475.2457435257731	1464.7312253983566	1368.4761291316988	652.0631269153942	483.1810906215061	580.77148188913	Simulation_02	Scenario_B_corr	105228
CompNMFBase	8	1	1	0.003346319896222673	38.83890899568079	0.3016465956030146	0.05479365713189956	0.0746420125212143	0.0025544325510660805	3270	NA	NA	NA	NA	NA	NA	NA	NA	Simulation_03	Scenario_B_corr	80139
map_CopyOnly	8	1	1	0.003385284300086462	38.71594085387939	0.3016465956030146	0.054997051606184	0.07479590141228437	4.629471480846405	459	NA	NA	NA	NA	NA	NA	NA	NA	Simulation_03	Scenario_B_corr	80139
map_NoCopies	8	1	1	0.0014899108354585653	18.433295670157428	0.06153221878168493	0.009053566593242983	0.05090075207153636	11.811563368638357	229	NA	NA	NA	NA	NA	NA	NA	NA	Simulation_03	Scenario_B_corr	80139
map_TrueCovs	8	1	1	0.0014684200104990992	17.656072531247034	0.01203013235878439	0.0014807140850856164	0.05012733780888769	15.462793385982513	309	NA	NA	NA	NA	NA	NA	NA	NA	Simulation_03	Scenario_B_corr	80139
map_Full	8	1	1	0.0014740986268787033	17.812985722919233	0.06094177862334208	0.0027968314622294965	0.0501562568759046	20.636164557933807	339	NA	NA	NA	NA	NA	NA	NA	NA	Simulation_03	Scenario_B_corr	80139
mcmc_Full	8	1	1	0.0027436844739379346	24.026785367560333	0.06300900775837442	0.002824966731013655	0.050151772788372975	149.1380137483279	NA	16.03568426957396	363.3942281413313	438.83674611793975	1312.555978459864	1320.346131738908	529.9529339993428	373.7098832214521	561.3138912364135	Simulation_03	Scenario_B_corr	80139
map_TrueCovs200	8	1	1	0.0014903069306819506	17.76532821351575	0.061657741673574275	0.006581106854429097	0.05067246338766179	17.21056564648946	319	NA	NA	NA	NA	NA	NA	NA	NA	Simulation_03	Scenario_B_corr	80139
mcmc_TrueCovs200	8	1	1	0.0027030643809814086	24.293559097094935	0.06647854430519945	0.006635199233666591	0.05067944092044382	127.9980388243993	NA	15.68451060917774	360.5417313265324	419.01496205078354	1125.072015734598	1428.5050043083008	437.8337062094422	234.34110922440215	571.9632158148189	Simulation_03	Scenario_B_corr	80139
map_TrueCovs500	8	1	1	0.0015050520713934229	17.638896002864204	0.061433957984292985	0.010570639290828895	0.05145698643983991	14.483650020758311	279	NA	NA	NA	NA	NA	NA	NA	NA	Simulation_03	Scenario_B_corr	80139
mcmc_TrueCovs500	8	1	1	0.002784278610636075	24.50174216422568	0.07036795491720489	0.010621193389416183	0.05147109849328552	106.30532004038493	NA	15.228934696438815	360.25583690640553	438.9883481981793	1265.0577270591143	1327.33858337564	463.22879148416484	395.783323850416	530.0919222406417	Simulation_03	Scenario_B_corr	80139
CompNMFBase	8	1	1	0.0035511141982851116	52.49297991067176	0.2901888873421787	0.06801284861675225	0.08271017278811577	0.005754021803538004	3027	NA	NA	NA	NA	NA	NA	NA	NA	Simulation_04	Scenario_B_corr	76955
map_CopyOnly	8	1	1	0.0035185847080153932	44.379604490945134	0.2901888873421787	0.06739344869720441	0.08221326830123452	3.292806132634481	349	NA	NA	NA	NA	NA	NA	NA	NA	Simulation_04	Scenario_B_corr	76955
map_NoCopies	8	1	1	0.0018984716844725772	18.41785678563966	0.02533948575353066	0.005780217022617503	0.048927740448082215	10.3940385222435	219	NA	NA	NA	NA	NA	NA	NA	NA	Simulation_04	Scenario_B_corr	76955
map_TrueCovs	8	1	1	0.001870019820276588	18.777186197105998	0.011048844450362957	0.002044209870685594	0.04866344110178698	15.617233033974966	329	NA	NA	NA	NA	NA	NA	NA	NA	Simulation_04	Scenario_B_corr	76955
map_Full	8	1	1	0.0018781880658240533	18.793347770436633	0.025288010947765442	0.0024995441440867215	0.048657473402524375	7.456538593769073	129	NA	NA	NA	NA	NA	NA	NA	NA	Simulation_04	Scenario_B_corr	76955
mcmc_Full	8	1	1	0.003022692881871548	21.293121710616653	0.02602458074619909	0.002530984222368676	0.04865978558426452	148.9183110555013	NA	24.260179636482977	396.8705804719665	487.3535589355961	1033.7766478916442	1214.1728783811357	548.1294224959025	408.3559150059007	662.1315463088051	Simulation_04	Scenario_B_corr	76955
map_TrueCovs200	8	1	1	0.0018822184442821906	18.808544789952474	0.02541591317035454	0.007312504592644423	0.04908157467419015	16.193049105008445	309	NA	NA	NA	NA	NA	NA	NA	NA	Simulation_04	Scenario_B_corr	76955
mcmc_TrueCovs200	8	1	1	0.0030087034934346236	21.23382525933652	0.026245789496578076	0.007318835573108216	0.04908417545114675	125.56612861951193	NA	24.32185590112669	396.07418682671135	503.7290672081941	1213.4367095575042	1218.741203993293	572.3547710788608	562.8241761921656	478.1435314426673	Simulation_04	Scenario_B_corr	76955
map_TrueCovs500	8	1	1	0.001886529198762128	18.481239588754722	0.025404415140669198	0.011954841917515417	0.04982326728632943	10.17621289094289	199	NA	NA	NA	NA	NA	NA	NA	NA	Simulation_04	Scenario_B_corr	76955
mcmc_TrueCovs500	8	1	1	0.0030446594166697325	21.308783589321376	0.026239031065658277	0.011957029445986965	0.049821033782413864	104.54891941547393	NA	22.995693525399886	393.40986420906626	495.29843992815864	1116.225537413662	1194.433663893531	474.20841368856117	416.04060433221673	580.4520919703523	Simulation_04	Scenario_B_corr	76955
CompNMFBase	8	1	1	0.0035995702535657017	53.90277409370185	0.38503832722018067	0.0696656985431746	0.08706476553050825	0.007002604007720947	3270	NA	NA	NA	NA	NA	NA	NA	NA	Simulation_05	Scenario_B_corr	88087
map_CopyOnly	8	1	1	0.003482382859658551	49.682615807017754	0.38503832722018067	0.06934708910916058	0.08679316414916385	5.985765409469605	519	NA	NA	NA	NA	NA	NA	NA	NA	Simulation_05	Scenario_B_corr	88087
map_NoCopies	8	1	1	0.001400170501574011	20.481195265609674	0.04024678127723697	0.006859756536591042	0.05272948003527335	21.688355394204457	369	NA	NA	NA	NA	NA	NA	NA	NA	Simulation_05	Scenario_B_corr	88087
map_TrueCovs	8	1	1	0.001430977616440829	20.465359234237734	0.01013814392962848	0.002125100107532273	0.05233654307720334	17.14972811937332	309	NA	NA	NA	NA	NA	NA	NA	NA	Simulation_05	Scenario_B_corr	88087
map_Full	8	1	1	0.0014248889408458017	20.45077953180576	0.031605353318184974	0.002737738256459554	0.05231994302116385	20.710029689470925	299	NA	NA	NA	NA	NA	NA	NA	NA	Simulation_05	Scenario_B_corr	88087
mcmc_Full	8	1	1	0.0021649875538514497	22.583772940566504	0.02893289787561994	0.0026196979508962067	0.052324259486931375	150.7723688085874	NA	18.569830706900778	399.4256735577725	463.77372780050996	1354.682102153018	1154.4820564293425	523.2671036351885	609.780025935221	608.4167822576785	Simulation_05	Scenario_B_corr	88087
map_TrueCovs200	8	1	1	0.0014201148763068488	20.5425158663946	0.03205301257038634	0.007776775406857755	0.052792859828667237	8.270581968625386	149	NA	NA	NA	NA	NA	NA	NA	NA	Simulation_05	Scenario_B_corr	88087
mcmc_TrueCovs200	8	1	1	0.0021885291158151026	22.989515386776343	0.03315523986709559	0.007705673527328763	0.05278603312175297	136.6859247048696	NA	17.944987601689725	403.5032130801079	449.6380944278711	1249.4709137960776	1220.6541872077444	571.7264305891272	463.3956433900423	601.5065545464772	Simulation_05	Scenario_B_corr	88087
map_TrueCovs500	8	1	1	0.0014250342770842598	20.599523021329954	0.03144996819918545	0.01327414425619135	0.05376557799399241	16.671998476982118	299	NA	NA	NA	NA	NA	NA	NA	NA	Simulation_05	Scenario_B_corr	88087
mcmc_TrueCovs500	8	1	1	0.002160840981009463	23.03481947407032	0.03196906541122956	0.013252594689728708	0.053765119156837536	110.61022321383159	NA	19.676735289565727	393.3703835203162	431.10562031619537	1138.272827117606	1275.2534813431514	312.26051009316296	326.25584992614176	548.1000768208436	Simulation_05	Scenario_B_corr	88087
CompNMFBase	8	0.875	0.875	0.004070705682509354	44.38246033543474	0.3973179098239793	0.18113474174944494	0.18970434949791706	0.0018647551536560057	1459	NA	NA	NA	NA	NA	NA	NA	NA	Simulation_06	Scenario_B_corr	89599
map_CopyOnly	8	0.875	0.875	0.0041493504660145685	44.65632205013225	0.3973179098239793	0.18123516439197226	0.18980458768251823	5.887059076627096	499	NA	NA	NA	NA	NA	NA	NA	NA	Simulation_06	Scenario_B_corr	89599
map_NoCopies	8	1	1	0.0023764240091005886	20.399933194044017	0.07929769063348699	0.011202026684855634	0.05384101181454602	15.034175213177999	259	NA	NA	NA	NA	NA	NA	NA	NA	Simulation_06	Scenario_B_corr	89599
map_TrueCovs	8	1	1	0.0023956990009911037	19.391409238590075	0.014217902775688854	0.003217489445204472	0.05284278119310936	8.041921877861023	149	NA	NA	NA	NA	NA	NA	NA	NA	Simulation_06	Scenario_B_corr	89599
map_Full	8	1	1	0.0023903199053754935	19.415379947284027	0.06998857188286599	0.004094253498128982	0.052834837845415344	38.17279107173284	569	NA	NA	NA	NA	NA	NA	NA	NA	Simulation_06	Scenario_B_corr	89599
mcmc_Full	8	1	1	0.0033058866923421923	23.196861805081983	0.07230797783585866	0.0042960560848327245	0.05283498918686063	151.47142555316287	NA	17.622004802397736	375.0674661921162	402.16158661302063	867.6704249966183	1291.2135779755297	409.0648610458849	427.2186081943623	583.8080846005918	Simulation_06	Scenario_B_corr	89599
map_TrueCovs200	8	1	1	0.0023938664906344585	19.299010869121055	0.07014398024440228	0.027358294102807143	0.059046847570212904	30.804947491486868	499	NA	NA	NA	NA	NA	NA	NA	NA	Simulation_06	Scenario_B_corr	89599
mcmc_TrueCovs200	8	1	1	0.003310060487367389	23.234144485694284	0.07662337033621025	0.027382333588145527	0.059039505359110935	138.2542950709661	NA	18.00211576754531	377.0334811448604	399.6090281929139	1037.7764304084544	1294.1718098176686	457.1737665800198	320.01591853730014	698.6711901003691	Simulation_06	Scenario_B_corr	89599
map_TrueCovs500	8	1	1	0.0023722479723734453	19.39397418239869	0.06937335154962371	0.04288552495689722	0.0675469136641922	54.43152205944061	949	NA	NA	NA	NA	NA	NA	NA	NA	Simulation_06	Scenario_B_corr	89599
mcmc_TrueCovs500	8	1	1	0.003347299087859639	23.66705029655843	0.06272367019505115	0.042919981482843955	0.06756844646077743	72.08930906454722	NA	18.7144207584757	379.4039324786594	411.30919041148275	1168.9952121103506	1249.0105447161059	443.8113687448544	329.2997797346204	542.2151799769418	Simulation_06	Scenario_B_corr	89599
CompNMFBase	8	1	1	0.002902014060307866	40.987377220855016	0.29770991971410066	0.06934578442157766	0.08655944414893504	0.005261603991190592	2616	NA	NA	NA	NA	NA	NA	NA	NA	Simulation_07	Scenario_B_corr	81425
map_CopyOnly	8	1	1	0.003005105122655082	43.70685702878412	0.29770991971410066	0.06802582802697706	0.08546324730179516	3.4915033976236978	379	NA	NA	NA	NA	NA	NA	NA	NA	Simulation_07	Scenario_B_corr	81425
map_NoCopies	8	1	1	0.00164605057721874	21.27435275932389	0.07285177192195331	0.0068446273695333334	0.05133936529276522	16.574593607584635	339	NA	NA	NA	NA	NA	NA	NA	NA	Simulation_07	Scenario_B_corr	81425
map_TrueCovs	8	1	1	0.0016656636862777267	21.069264190243157	0.014475323141631065	0.0023333782371884174	0.05091906565606217	16.022973410288493	339	NA	NA	NA	NA	NA	NA	NA	NA	Simulation_07	Scenario_B_corr	81425
map_Full	8	1	1	0.0016866941280726285	21.18043349882781	0.0756817643933576	0.003127146334404257	0.05090134501532448	6.709172677993775	119	NA	NA	NA	NA	NA	NA	NA	NA	Simulation_07	Scenario_B_corr	81425
mcmc_Full	8	1	1	0.002631463029587151	25.204543354490742	0.07378188545856992	0.0032339378511038563	0.050887151481220236	151.25165498654047	NA	13.650944999784823	408.44087790544154	461.541148510199	1279.7387813642326	1330.6572110772647	557.7690614512536	486.2575217743323	548.8368350935551	Simulation_07	Scenario_B_corr	81425
map_TrueCovs200	8	1	1	0.0016788418747989465	21.18859343905213	0.07610606420466651	0.008572875512012261	0.05151526025768271	9.822554886341095	189	NA	NA	NA	NA	NA	NA	NA	NA	Simulation_07	Scenario_B_corr	81425
mcmc_TrueCovs200	8	1	1	0.002623913864587646	25.101931746665176	0.08606395771598552	0.00866801281259582	0.05151256831303302	129.36704262892405	NA	11.823913997911607	405.3380672455156	470.2270087847687	1259.0655452389774	1365.9641397115645	471.42888645867197	326.4429832092315	463.46002174811815	Simulation_07	Scenario_B_corr	81425
map_TrueCovs500	8	1	1	0.0017129943078904146	21.022407986190764	0.07779618094440183	0.0139848563745087	0.052771583645456574	9.185901272296906	169	NA	NA	NA	NA	NA	NA	NA	NA	Simulation_07	Scenario_B_corr	81425
mcmc_TrueCovs500	8	1	1	0.002634993973989324	25.304049301084877	0.08694540363344551	0.014042935403332353	0.05277110293149348	109.55907298326493	NA	13.76717525870772	405.2209982972083	471.8717722989066	1223.8498991007564	1365.6712629492379	423.7384402467384	323.3380217711001	551.138288738941	Simulation_07	Scenario_B_corr	81425
CompNMFBase	8	1	1	0.0032996908046423186	46.97691233838627	0.32103872726170357	0.08362616145104163	0.09608220065503374	0.00650175412495931	3175	NA	NA	NA	NA	NA	NA	NA	NA	Simulation_08	Scenario_B_corr	76549
map_CopyOnly	9	1	1	0.01855658846551237	71.44540591814709	0.3026782147603322	0.08375763605136784	0.0961781884360111	4.7208337664604185	529	NA	NA	NA	NA	NA	NA	NA	NA	Simulation_08	Scenario_B_corr	76549
map_NoCopies	8	1	1	0.0022963238091686473	20.784844247790904	0.06359356103425912	0.0061820651966239875	0.04900983968776763	10.382592678070068	219	NA	NA	NA	NA	NA	NA	NA	NA	Simulation_08	Scenario_B_corr	76549
map_TrueCovs	8	1	1	0.002123607728002082	19.791151729710673	0.014452086094110262	0.0024118619281357206	0.04872732684328794	26.10598652760188	579	NA	NA	NA	NA	NA	NA	NA	NA	Simulation_08	Scenario_B_corr	76549
map_Full	8	1	1	0.0021153728483328535	19.52580999779122	0.050439537578706076	0.0029756752577461943	0.048668223423405516	17.659520908196768	309	NA	NA	NA	NA	NA	NA	NA	NA	Simulation_08	Scenario_B_corr	76549
mcmc_Full	8	1	1	0.003748554086557414	27.655583123642646	0.0552413083202019	0.0031447229164070323	0.04865917245150397	144.6933450738589	NA	20.255942131729608	367.94006894796667	403.33545471234396	1195.4916960184833	1475.2983689692855	406.8035908940738	335.97459549639274	532.4094021956281	Simulation_08	Scenario_B_corr	76549
map_TrueCovs200	8	1	1	0.0020992888860739143	19.745933215937622	0.04987086838394016	0.008248465879624007	0.049218209632313305	21.680780637264252	409	NA	NA	NA	NA	NA	NA	NA	NA	Simulation_08	Scenario_B_corr	76549
mcmc_TrueCovs200	8	1	1	0.0037790612313216027	27.731729153064958	0.05098156756928066	0.00827411876418372	0.049211272173978415	125.55773781538011	NA	17.068773193473675	369.9032497906335	382.64222310011473	1179.5198620548492	1290.6851155278073	522.4094093703654	317.0377533827763	574.3757739336564	Simulation_08	Scenario_B_corr	76549
map_TrueCovs500	8	1	1	0.0020915283627608717	19.55201057845052	0.04989492615014077	0.01399641780642563	0.050328724786117746	19.259205838044483	389	NA	NA	NA	NA	NA	NA	NA	NA	Simulation_08	Scenario_B_corr	76549
mcmc_TrueCovs500	8	1	1	0.003825894455281158	28.046591037785014	0.05843994991589574	0.014019099072626053	0.0503251608876241	103.59058573246003	NA	19.160494630827653	364.0847543466025	394.00326235502206	1147.7405319402017	1126.930768680748	355.92413233646363	260.15376869978337	511.4015665349498	Simulation_08	Scenario_B_corr	76549
CompNMFBase	8	0.875	0.875	0.0033670073548107216	37.42847795966424	0.33888942846172243	0.12043105115140883	0.1309243787304745	0.009902350107828776	3070	NA	NA	NA	NA	NA	NA	NA	NA	Simulation_09	Scenario_B_corr	86916
map_CopyOnly	8	0.875	0.875	0.003443788703437352	36.770106702081264	0.33888942846172243	0.12011623372836935	0.13064681459003033	12.356777481238048	919	NA	NA	NA	NA	NA	NA	NA	NA	Simulation_09	Scenario_B_corr	86916
map_NoCopies	8	1	1	0.0018299450834896446	20.600450114274306	0.06461752474103667	0.007396583149571791	0.05282601436927582	16.114086023966472	269	NA	NA	NA	NA	NA	NA	NA	NA	Simulation_09	Scenario_B_corr	86916
map_TrueCovs	8	1	1	0.001889028825825874	19.710471448746773	0.014565472857523597	0.0018670483825929739	0.05230201211564908	10.211844074726105	189	NA	NA	NA	NA	NA	NA	NA	NA	Simulation_09	Scenario_B_corr	86916
map_Full	8	1	1	0.0018944556554938079	19.872482486182776	0.06184633734613415	0.002212584113995344	0.05230212053269199	26.50244341691335	399	NA	NA	NA	NA	NA	NA	NA	NA	Simulation_09	Scenario_B_corr	86916
mcmc_Full	8	1	1	0.0026216515838684406	24.773863230295046	0.06683398837525295	0.0020077895007238208	0.05230360830397256	148.87930074135463	NA	15.611337997918392	390.6991218371242	457.88191196660716	1238.5413941834934	1212.032625453322	388.585242858417	298.3686431874557	620.0888776179845	Simulation_09	Scenario_B_corr	86916
map_TrueCovs200	8	1	1	0.001872059271274517	19.775441994039078	0.06194237259843559	0.01198524933116377	0.0536747823878854	17.15164643128713	309	NA	NA	NA	NA	NA	NA	NA	NA	Simulation_09	Scenario_B_corr	86916
mcmc_TrueCovs200	8	1	1	0.0026146116881007524	24.8324931543436	0.05432016624291524	0.011962121388402903	0.05368006026947568	137.4337563355764	NA	16.57790573428565	391.2937624567243	473.1195092771435	1028.4731764165617	1263.1286734639173	575.4222045287926	503.4835370799154	454.90033515047435	Simulation_09	Scenario_B_corr	86916
map_TrueCovs500	8	1	1	0.0019491247642184808	20.239988258273833	0.061762952394138856	0.023832021411936067	0.0578821786863914	13.795091704527538	249	NA	NA	NA	NA	NA	NA	NA	NA	Simulation_09	Scenario_B_corr	86916
mcmc_TrueCovs500	8	1	1	0.002660077788547818	24.860888344264396	0.05686151542633199	0.02381916472317108	0.05788736760824752	107.94906864166259	NA	17.10440821477474	389.3914543899822	455.3925332298425	1249.7878727168143	1226.0167585284532	272.63563524953133	224.6885122635409	482.0310382418306	Simulation_09	Scenario_B_corr	86916
CompNMFBase	8	1	1	0.0040619464449578495	61.4779776317944	0.3193064325898805	0.5813746780425888	0.5848654080932842	0.012882479031880696	4869	NA	NA	NA	NA	NA	NA	NA	NA	Simulation_10	Scenario_B_corr	130213
map_CopyOnly	8	1	1	0.004079583510243465	59.10033648748718	0.3193064325898805	0.5812380725793773	0.5847236783419022	15.314417870839437	719	NA	NA	NA	NA	NA	NA	NA	NA	Simulation_10	Scenario_B_corr	130213
map_NoCopies	8	1	1	0.0017462377186056482	61.42953510770252	0.048230832963514374	0.05398912703562232	0.08523386020777284	224.76794975598654	3039	NA	NA	NA	NA	NA	NA	NA	NA	Simulation_10	Scenario_B_corr	130213
map_TrueCovs	8	1	1	0.0017125963136020027	31.851737429290928	0.0171670728737745	0.0036533649793971663	0.06644926128887065	11.560521709918977	1069	NA	NA	NA	NA	NA	NA	NA	NA	Simulation_10	Scenario_B_corr	130213
map_Full	8	1	1	0.001696245200384195	30.369386617853497	0.0399532212321353	0.005849852765772879	0.06620242780056798	12.417205584049224	1349	NA	NA	NA	NA	NA	NA	NA	NA	Simulation_10	Scenario_B_corr	130213
mcmc_Full	8	1	1	0.003088139159632466	46.782583810128166	0.04222783325107651	0.005695977367435477	0.06628595063575611	17.53314481576284	NA	17.749649799737753	307.7025392148166	398.1745928704011	1062.6177294456725	1313.9416641878995	472.22325686057786	361.0498599709066	483.28435604543853	Simulation_10	Scenario_B_corr	130213
map_TrueCovs200	8	1	1	0.001709909724251172	30.495581032508642	0.039912572638530534	0.0715707852806589	0.10161674717030222	86.24073809782665	969	NA	NA	NA	NA	NA	NA	NA	NA	Simulation_10	Scenario_B_corr	130213
mcmc_TrueCovs200	8	1	1	0.0031155249077366508	47.473870853960946	0.04085877570970742	0.07166268166640809	0.10161697857953991	179.2055444518725	NA	21.31588902962	299.66529133619446	384.11408554386804	1143.3038224455267	1433.5465787383066	396.3471253115669	258.27182573785194	594.0673318162155	Simulation_10	Scenario_B_corr	130213
map_TrueCovs500	8	1	1	0.001717718011219983	30.673123371143333	0.0387870337066886	0.12447891012030625	0.1412381658742212	23.815399479866027	639	NA	NA	NA	NA	NA	NA	NA	NA	Simulation_10	Scenario_B_corr	130213
mcmc_TrueCovs500	8	1	1	0.003109718086208419	46.35373647278851	0.04148121303760568	0.12448723253756136	0.1412646503032068	25.618325563271842	NA	20.97901202223479	299.8844601360265	386.0387981970705	946.820356792014	1421.258737811674	365.0517876204091	278.215918742281	599.1429531523979	Simulation_10	Scenario_B_corr	130213
CompNMFBase	8	1	1	0.0025572778433170583	38.09278953255606	0.30711212681341354	0.09906636482096182	0.11332551079257071	0.008132612705230713	6798	NA	NA	NA	NA	NA	NA	NA	NA	Simulation_11	Scenario_B_corr	93207
map_CopyOnly	8	1	1	0.0028010066787569686	56.0101317686766	0.30711212681341354	0.09780825686814575	0.11222157267270941	8.33773555358251	639	NA	NA	NA	NA	NA	NA	NA	NA	Simulation_11	Scenario_B_corr	93207
map_NoCopies	8	1	1	0.001584603576411259	22.1068373312197	0.026267363322708813	0.009507618995791434	0.05514616442245058	38.742664198080696	609	NA	NA	NA	NA	NA	NA	NA	NA	Simulation_11	Scenario_B_corr	93207
map_TrueCovs	8	1	1	0.001501504258412036	21.006044622617903	0.01100122893053543	0.0021253353138569984	0.054380816755591366	37.65735969543457	569	NA	NA	NA	NA	NA	NA	NA	NA	Simulation_11	Scenario_B_corr	93207
map_Full	8	1	1	0.0015043676527735177	21.016431421737277	0.01840760924945269	0.0024316778174961755	0.054354280368092485	21.314087263743083	269	NA	NA	NA	NA	NA	NA	NA	NA	Simulation_11	Scenario_B_corr	93207
mcmc_Full	8	1	1	0.0028593820636866316	25.154062762713405	0.018363765980423427	0.0026871221022503086	0.0543538377168751	128.10901091098788	NA	24.689637961640436	344.7604056376873	434.016100194509	1165.4481071844207	1374.858733479355	524.1571399512576	370.7597773319302	512.424830494526	Simulation_11	Scenario_B_corr	93207
map_TrueCovs200	8	1	1	0.001497578807398899	21.077929323177578	0.01858281368743374	0.011227392647527796	0.05555585106852894	30.172134061654408	479	NA	NA	NA	NA	NA	NA	NA	NA	Simulation_11	Scenario_B_corr	93207
mcmc_TrueCovs200	8	1	1	0.0028601936609316844	24.93088745826021	0.022023656032070172	0.011289315289878536	0.05556448902495502	139.86772125562032	NA	27.435892307403975	348.5913825822238	421.50340905882933	1235.7553345358324	1343.973416776632	535.6518380758307	312.02626159706983	556.5647134300222	Simulation_11	Scenario_B_corr	93207
map_TrueCovs500	8	1	1	0.0015262103871943773	21.14060686365874	0.019116497647131053	0.017824156829513046	0.05741134746276999	11.550360643863678	189	NA	NA	NA	NA	NA	NA	NA	NA	Simulation_11	Scenario_B_corr	93207
mcmc_TrueCovs500	8	1	1	0.002887006166550312	25.05953295755867	0.019830072586225482	0.01783528196102984	0.05741009457343899	102.596928524971	NA	23.40499422008371	346.7968277920624	425.40898551591386	1244.692538839725	1173.6810693751768	547.8863050954267	403.3473753737605	541.2527240679037	Simulation_11	Scenario_B_corr	93207
CompNMFBase	8	1	1	0.002288179037156542	37.724515871471965	0.3313052120764305	0.07163634556864913	0.08739199532856144	0.010616513093312581	3237	NA	NA	NA	NA	NA	NA	NA	NA	Simulation_12	Scenario_B_corr	78060
map_CopyOnly	8	1	1	0.0022859620879839607	39.07761972500228	0.3313052120764305	0.07133360258523433	0.08714215298782776	4.563574520746867	469	NA	NA	NA	NA	NA	NA	NA	NA	Simulation_12	Scenario_B_corr	78060
map_NoCopies	8	1	1	0.001517916251483625	22.77429190571388	0.04036052489098922	0.006587224021310466	0.050058566584933205	10.521095530192058	209	NA	NA	NA	NA	NA	NA	NA	NA	Simulation_12	Scenario_B_corr	78060
map_TrueCovs	8	1	1	0.001535563821023831	21.375420568751494	0.012343376095827354	0.0015707607982918376	0.04973705184065435	14.09521070321401	289	NA	NA	NA	NA	NA	NA	NA	NA	Simulation_12	Scenario_B_corr	78060
map_Full	8	1	1	0.0015345342318355824	21.23212009794733	0.03469156410097914	0.002378324806336614	0.049729428883327834	12.261071487267811	209	NA	NA	NA	NA	NA	NA	NA	NA	Simulation_12	Scenario_B_corr	78060
mcmc_Full	8	1	1	0.0024789829717598915	26.365651169781028	0.03869111924120365	0.0024331487656927384	0.04972909765930343	151.03756330013275	NA	21.383148298830143	396.1905752578211	449.11781346796556	1233.1671862218802	1432.455367150959	396.59718431105165	296.4911708296006	645.6606712104102	Simulation_12	Scenario_B_corr	78060
map_TrueCovs200	8	1	1	0.0015412108830420803	21.160480203156222	0.03494340952283757	0.0073656837673394095	0.050425483337956475	15.679285685221354	299	NA	NA	NA	NA	NA	NA	NA	NA	Simulation_12	Scenario_B_corr	78060
mcmc_TrueCovs200	8	1	1	0.002498832068428791	26.296107036149994	0.0390179595794051	0.007366147674244608	0.05041898896780388	128.51904940605164	NA	20.670704665505134	398.9766024230077	455.1459952808415	1380.3014813544128	1308.4856670923346	486.22558956066996	279.87138148114695	567.2991042754442	Simulation_12	Scenario_B_corr	78060
map_TrueCovs500	8	1	1	0.0015194891903450884	21.16527903968937	0.03486999758988386	0.01263997519872558	0.05122482688269282	10.881456836064656	219	NA	NA	NA	NA	NA	NA	NA	NA	Simulation_12	Scenario_B_corr	78060
mcmc_TrueCovs500	8	1	1	0.002507323255247353	26.814521526065985	0.038005289096205305	0.012609865961721594	0.05121137707995751	105.91773476600646	NA	21.799105141638	396.16400925805516	443.02291729492305	1274.1061779085246	1199.7295274842481	324.7297116521937	222.94646699851222	564.1816339729594	Simulation_12	Scenario_B_corr	78060
CompNMFBase	8	1	1	0.0029911768846392585	42.46798548721676	0.3569198928546536	0.09689323633726815	0.11107642722149805	0.011766111850738526	4295	NA	NA	NA	NA	NA	NA	NA	NA	Simulation_13	Scenario_B_corr	91205
map_CopyOnly	8	1	1	0.003025225682794	37.14204659371483	0.3569198928546536	0.0971239239943561	0.11132187687681894	9.516299764315287	759	NA	NA	NA	NA	NA	NA	NA	NA	Simulation_13	Scenario_B_corr	91205
map_NoCopies	8	1	1	0.0014378993030387996	19.006990633077233	0.11498354856811746	0.007770880308846559	0.05327666753760449	13.977886458237966	249	NA	NA	NA	NA	NA	NA	NA	NA	Simulation_13	Scenario_B_corr	91205
map_TrueCovs	8	1	1	0.0012182251071271703	18.205828336775646	0.00908910961515909	0.0019466600698887424	0.05300859053818407	31.088049451510113	579	NA	NA	NA	NA	NA	NA	NA	NA	Simulation_13	Scenario_B_corr	91205
map_Full	8	1	1	0.001246886235559795	18.199998291988436	0.11919801837042775	0.0036962576798211053	0.05292389441673368	28.49971423149109	419	NA	NA	NA	NA	NA	NA	NA	NA	Simulation_13	Scenario_B_corr	91205
mcmc_Full	8	1	1	0.0022286420943609547	19.11215218502598	0.11424448345717962	0.0036536796457163636	0.05291981754097975	144.90150757630667	NA	17.163501403807416	422.6853678701608	472.9981723641671	1327.143433632546	1232.254880114699	380.55687932592883	372.07747585598446	573.4066366837626	Simulation_13	Scenario_B_corr	91205
map_TrueCovs200	8	1	1	0.0012396129055348211	18.17773489369712	0.11959784700330572	0.010070843924003777	0.053689570290515236	14.230102197329204	249	NA	NA	NA	NA	NA	NA	NA	NA	Simulation_13	Scenario_B_corr	91205
mcmc_TrueCovs200	8	1	1	0.0022029956524987565	19.237597820832576	0.12625111140138431	0.010172068911943189	0.05369698138428684	140.19022755622865	NA	13.787963806150028	418.26501054764293	460.7428656824908	1133.6382429388093	1176.7362883901853	481.65016920915	344.8744262453635	531.050303556017	Simulation_13	Scenario_B_corr	91205
map_TrueCovs500	8	1	1	0.0012485681060030764	18.161722482454188	0.11852022188947399	0.018987633024416913	0.056085465962667655	11.446884381771088	199	NA	NA	NA	NA	NA	NA	NA	NA	Simulation_13	Scenario_B_corr	91205
mcmc_TrueCovs500	8	1	1	0.002234451400043684	19.172964003484026	0.12649143607640584	0.01900658283491168	0.05608789430663415	110.83681300878526	NA	15.917418602977525	415.58791288909316	481.6206213859905	1191.8064233393536	1325.1659892990522	607.4515284908339	562.0536571781577	700.2972319525519	Simulation_13	Scenario_B_corr	91205
CompNMFBase	8	1	1	0.0030868792908745656	45.72507802391632	0.3337025469062106	0.12154793891506357	0.1322466966351377	0.008224177360534667	2783	NA	NA	NA	NA	NA	NA	NA	NA	Simulation_14	Scenario_B_corr	85777
map_CopyOnly	8	1	1	0.0031048242382474465	45.56380457125724	0.3337025469062106	0.12158758768166664	0.13228560542305554	4.897348388036092	479	NA	NA	NA	NA	NA	NA	NA	NA	Simulation_14	Scenario_B_corr	85777
map_NoCopies	8	1	1	0.0018022614613600072	22.586967173984334	0.04039389004262505	0.008177090357743782	0.052453841700345456	22.007929694652557	409	NA	NA	NA	NA	NA	NA	NA	NA	Simulation_14	Scenario_B_corr	85777
map_TrueCovs	8	1	1	0.001751579378595528	22.485843594101844	0.012586273679756989	0.0024901841703472436	0.05184845692167417	31.794537500540414	609	NA	NA	NA	NA	NA	NA	NA	NA	Simulation_14	Scenario_B_corr	85777
map_Full	8	1	1	0.0017675976315891487	22.691085067877367	0.03719151770969888	0.00270781159797448	0.05183287589265088	15.342107474803925	229	NA	NA	NA	NA	NA	NA	NA	NA	Simulation_14	Scenario_B_corr	85777
mcmc_Full	8	1	1	0.0025465244260765283	27.220458545518472	0.045481623800654986	0.0027185709065701384	0.0518457857633736	146.87044497330984	NA	19.774805013613452	389.8197839757981	463.72806373566715	1269.4180443759547	1460.5603688889353	414.76222616238226	316.49235772394184	706.2118298673106	Simulation_14	Scenario_B_corr	85777
map_TrueCovs200	8	1	1	0.0017615308848797008	22.55285599118837	0.037562946387210604	0.012389963796855719	0.05343324678813443	13.746698685487111	249	NA	NA	NA	NA	NA	NA	NA	NA	Simulation_14	Scenario_B_corr	85777
mcmc_TrueCovs200	8	1	1	0.0025169182034235154	27.037015583393053	0.03973937447893993	0.012377452112603824	0.05343705620230111	135.0873337864876	NA	19.875324339535574	384.57051328279846	449.9288985095798	1183.6948822973577	1372.9539102895242	564.451300482218	420.7553430500333	617.7676570226726	Simulation_14	Scenario_B_corr	85777
map_TrueCovs500	8	1	1	0.0017584362993934577	22.56648874637301	0.037940868238444586	0.02161016859493749	0.056111022764129805	19.481876734892527	349	NA	NA	NA	NA	NA	NA	NA	NA	Simulation_14	Scenario_B_corr	85777
mcmc_TrueCovs500	8	1	1	0.0025062947813257875	27.085966769485683	0.0347137061049146	0.021602870413308908	0.05611537785281292	107.45785882075627	NA	21.260692702051685	387.20976342134287	498.4547573248999	1229.01190221301	1437.504048450364	446.33845963008724	314.59315518202607	537.2236654146504	Simulation_14	Scenario_B_corr	85777
CompNMFBase	8	1	1	0.00266839747299733	34.376882549878	0.3443894613680687	0.07552571092446664	0.09119636816542527	0.009663613637288411	4249	NA	NA	NA	NA	NA	NA	NA	NA	Simulation_15	Scenario_B_corr	88130
map_CopyOnly	8	1	1	0.0026178737733419566	34.01848494206923	0.3443894613680687	0.07514410960882242	0.09084232491678318	7.296852513154348	659	NA	NA	NA	NA	NA	NA	NA	NA	Simulation_15	Scenario_B_corr	88130
map_NoCopies	8	1	1	0.0017456325037861732	20.67329108563185	0.09711999970693164	0.007726394708223876	0.05321429016716547	11.951709874471028	219	NA	NA	NA	NA	NA	NA	NA	NA	Simulation_15	Scenario_B_corr	88130
map_TrueCovs	8	1	1	0.0016880262225284334	20.909139702606776	0.01140167149645369	0.001993041552694734	0.05258291214178242	13.35385057926178	269	NA	NA	NA	NA	NA	NA	NA	NA	Simulation_15	Scenario_B_corr	88130
map_Full	8	1	1	0.0016882951990318108	20.939301325022893	0.09383028711239906	0.0026726839369840584	0.05262584422310166	13.838342424233755	229	NA	NA	NA	NA	NA	NA	NA	NA	Simulation_15	Scenario_B_corr	88130
mcmc_Full	8	1	1	0.002603241401331074	26.426555272773758	0.09068548056184825	0.00276045986543306	0.052617199991558575	156.6952957034111	NA	15.50870480486721	389.1586788462314	478.472058731912	1117.6324809029788	1187.7129804124763	466.15708302466686	328.2562691638974	601.40636782869	Simulation_15	Scenario_B_corr	88130
map_TrueCovs200	8	1	1	0.001678294171891036	20.83905973570133	0.09398812745626167	0.009147850909895304	0.053365984448785486	15.806119306882222	279	NA	NA	NA	NA	NA	NA	NA	NA	Simulation_15	Scenario_B_corr	88130
mcmc_TrueCovs200	8	1	1	0.0026365279968872937	26.429465175835926	0.10077924881020134	0.009150707341710779	0.05336161382057227	134.19890555143357	NA	14.806702761941962	388.21238377703537	463.97945828933035	1176.0173683923106	1298.7523180527412	515.3270704746544	467.03005453242577	545.2163234687807	Simulation_15	Scenario_B_corr	88130
map_TrueCovs500	8	1	1	0.0017135744826385986	20.766299490032576	0.09391381279803927	0.014620935567186067	0.05459431826349224	21.282942871252697	379	NA	NA	NA	NA	NA	NA	NA	NA	Simulation_15	Scenario_B_corr	88130
mcmc_TrueCovs500	8	1	1	0.002637372069317133	26.605425939663256	0.09526777755983844	0.014626159916430098	0.054592284838939326	106.78939485947292	NA	15.113212472010508	380.41388629918845	469.8789919267101	1128.0604678214759	1090.890004551234	576.1606813389147	479.7387929161595	507.77824565552874	Simulation_15	Scenario_B_corr	88130
CompNMFBase	8	1	1	0.0031830922716867623	38.450467446163714	0.35837786484476514	0.11144874724085616	0.12417218354934846	0.013252111275990804	4612	NA	NA	NA	NA	NA	NA	NA	NA	Simulation_16	Scenario_B_corr	98814
map_CopyOnly	8	1	1	0.003179872347319381	38.05400235336138	0.35837786484476514	0.11087232127189002	0.12363292965635977	24.265324060122172	1479	NA	NA	NA	NA	NA	NA	NA	NA	Simulation_16	Scenario_B_corr	98814
map_NoCopies	8	1	1	0.0015605653557606292	23.152576373693726	0.028274962909375395	0.010159087440322552	0.05533941560910862	35.19097427924474	539	NA	NA	NA	NA	NA	NA	NA	NA	Simulation_16	Scenario_B_corr	98814
map_TrueCovs	8	1	1	0.0015543866884361191	21.255108299165855	0.014114063542138814	0.002502194964885582	0.05452913360140652	8.995281036694845	129	NA	NA	NA	NA	NA	NA	NA	NA	Simulation_16	Scenario_B_corr	98814
map_Full	8	1	1	0.0015381373367899893	21.123368491329515	0.02903558055950053	0.0033083331367712225	0.05450505841541491	46.017179334163664	609	NA	NA	NA	NA	NA	NA	NA	NA	Simulation_16	Scenario_B_corr	98814
mcmc_Full	8	1	1	0.002726336727354226	26.972674877525392	0.028067092084879185	0.0033327449227692515	0.0545085244680893	123.39000375270842	NA	18.29577573389092	400.8122510756982	477.00421499399675	1232.4613592150238	1108.4794038518585	557.908071117927	254.31480588745208	563.6972117808226	Simulation_16	Scenario_B_corr	98814
map_TrueCovs200	8	1	1	0.0015718854101744342	21.219526735084393	0.028937624351769154	0.012946379162475138	0.05573628087660545	15.083886913458507	249	NA	NA	NA	NA	NA	NA	NA	NA	Simulation_16	Scenario_B_corr	98814
mcmc_TrueCovs200	8	1	1	0.00275259254008714	26.69660024134301	0.031137793556499663	0.013026646040021728	0.055743545194443106	145.66942880153655	NA	20.383352443163222	401.82883997771216	497.2865876727828	1362.3914948589131	1333.6641365476921	474.1313865181295	315.99061213617995	489.74457112039016	Simulation_16	Scenario_B_corr	98814
map_TrueCovs500	8	1	1	0.0015604312548691312	20.906937418002332	0.02978480502754307	0.022457480990516986	0.05869022338936648	12.074542554219564	199	NA	NA	NA	NA	NA	NA	NA	NA	Simulation_16	Scenario_B_corr	98814
mcmc_TrueCovs500	8	1	1	0.0027579810924993923	26.823330942593863	0.03132006317395623	0.022467251812383654	0.05869502988257849	110.09733715057374	NA	20.52097616903163	394.5111067664807	497.8654516966145	1469.3390569226592	1375.2749029484505	517.5689270219023	230.76683514654727	621.2475427005586	Simulation_16	Scenario_B_corr	98814
CompNMFBase	8	1	1	0.002529619657630538	41.798289762434	0.39509265662552295	0.2685059432930528	0.2785268108024291	0.010965887705485025	4442	NA	NA	NA	NA	NA	NA	NA	NA	Simulation_17	Scenario_B_corr	151413
map_CopyOnly	8	1	1	0.002619310016448771	41.23872502891634	0.39509265662552295	0.2689639325913817	0.2789453741810964	14.607030359903971	619	NA	NA	NA	NA	NA	NA	NA	NA	Simulation_17	Scenario_B_corr	151413
map_NoCopies	8	1	1	0.0012299336791214632	24.391895849324776	0.03169485694473332	0.015200199075038313	0.07078894235244682	17.760045051574707	219	NA	NA	NA	NA	NA	NA	NA	NA	Simulation_17	Scenario_B_corr	151413
map_TrueCovs	8	1	1	0.0011503394708072853	23.547756678654338	0.006422291278175553	0.003112220970559855	0.06941088119615153	91.1139036178589	1009	NA	NA	NA	NA	NA	NA	NA	NA	Simulation_17	Scenario_B_corr	151413
map_Full	8	1	1	0.0011536423142062089	23.47564331390915	0.029559850861299353	0.004964582209718104	0.06927952736389055	24.530589632193248	229	NA	NA	NA	NA	NA	NA	NA	NA	Simulation_17	Scenario_B_corr	151413
mcmc_Full	8	1	1	0.001917278403365107	26.950786280253276	0.03121235959847913	0.005108312692856552	0.06927757624773118	101.73260422150294	NA	17.15557982181597	443.62665189896194	453.20355537547675	1259.1501239735846	1404.6321778237657	512.1315387219346	169.8440377839395	551.7972618272504	Simulation_17	Scenario_B_corr	151413
map_TrueCovs200	8	1	1	0.001152478356289603	23.631249258251582	0.0294490194899976	0.03645524997408586	0.07711979453629428	36.423645504315694	389	NA	NA	NA	NA	NA	NA	NA	NA	Simulation_17	Scenario_B_corr	151413
mcmc_TrueCovs200	8	1	1	0.0019041691726772324	26.962475197540037	0.03183211540290715	0.03652729600217611	0.07711069467281555	198.66999130646388	NA	16.19501262143021	443.4321823407377	459.8241267412764	1350.827745249343	1311.1127568636407	489.2330255305445	433.21872933672097	517.5086622203527	Simulation_17	Scenario_B_corr	151413
map_TrueCovs500	8	1	1	0.0011671108259741062	23.57691310169553	0.029740150219000727	0.06509262682415773	0.09485426940780561	32.79420530796051	409	NA	NA	NA	NA	NA	NA	NA	NA	Simulation_17	Scenario_B_corr	151413
mcmc_TrueCovs500	8	1	1	0.0019419211398168932	27.318708737713788	0.029872167597707035	0.06507412337106543	0.0948676587649152	44.131108327706656	NA	17.327941806068907	440.6052923968564	457.0628294822817	1206.0979503953522	1550.084079578052	503.89750737540817	304.52958686526404	613.3102885719852	Simulation_17	Scenario_B_corr	151413
CompNMFBase	8	1	1	0.0024211300813487017	43.429062358970846	0.3794341050493784	0.12680499379648327	0.13775442267839444	0.01009292999903361	3104	NA	NA	NA	NA	NA	NA	NA	NA	Simulation_18	Scenario_B_corr	97918
map_CopyOnly	8	1	1	0.002359439146167307	41.00760653848051	0.3794341050493784	0.12714541171399332	0.13805942336085805	4.922073709964752	449	NA	NA	NA	NA	NA	NA	NA	NA	Simulation_18	Scenario_B_corr	97918
map_NoCopies	8	1	1	0.001114878583799907	23.980866789392767	0.029671849452346775	0.013047367298236617	0.056544724003754675	32.32885664304097	559	NA	NA	NA	NA	NA	NA	NA	NA	Simulation_18	Scenario_B_corr	97918
map_TrueCovs	8	1	1	0.0011089038972458846	21.83088818753313	0.007081305046791043	0.002417401857232231	0.05529804755075128	11.949486955006916	189	NA	NA	NA	NA	NA	NA	NA	NA	Simulation_18	Scenario_B_corr	97918
map_Full	8	1	1	0.0011117081740118402	21.79013340790181	0.016951533813887018	0.0031474943536622018	0.05525686579138139	10.861618407567342	159	NA	NA	NA	NA	NA	NA	NA	NA	Simulation_18	Scenario_B_corr	97918
mcmc_Full	8	1	1	0.0014220172704297802	22.904776482913523	0.01751809253891044	0.0029751021888082202	0.05526465047869534	160.28040292660395	NA	22.602613199493483	477.80558168235615	421.1526457611014	1174.9455897118783	1363.6118738791251	443.0742606579828	496.190935694292	545.806576008589	Simulation_18	Scenario_B_corr	97918
map_TrueCovs200	8	1	1	0.0011118849937137992	21.9265764129499	0.01738735453499476	0.012892339142367926	0.0567277255018093	12.651727334658306	209	NA	NA	NA	NA	NA	NA	NA	NA	Simulation_18	Scenario_B_corr	97918
mcmc_TrueCovs200	8	1	1	0.0014377902545481614	23.139081359466594	0.015539426990233812	0.012838467956413977	0.056738018089639304	146.0832785685857	NA	20.269015831524072	478.4055083177292	433.8344464571594	1276.0728091875762	1421.5166670543697	410.03712787695696	428.46033956054237	599.4680792115041	Simulation_18	Scenario_B_corr	97918
map_TrueCovs500	8	1	1	0.0011196012389644624	21.78939594766415	0.017171656498433743	0.022018519909826863	0.05919814243275087	19.876682996749878	329	NA	NA	NA	NA	NA	NA	NA	NA	Simulation_18	Scenario_B_corr	97918
mcmc_TrueCovs500	8	1	1	0.001433847401200168	22.99852996184107	0.01965137427920024	0.022011425561514315	0.05919682934743471	106.469235821565	NA	21.620717397090555	473.71559614429066	426.42634433849537	1097.8395662070566	1355.3512812407203	506.0270761173644	458.8339413620866	546.207940832944	Simulation_18	Scenario_B_corr	97918
CompNMFBase	8	1	1	0.002936102593415034	39.725873031959765	0.3225954190840537	0.048217547637807	0.0685791798981584	0.010716692606608073	3221	NA	NA	NA	NA	NA	NA	NA	NA	Simulation_19	Scenario_B_corr	75994
map_CopyOnly	8	1	1	0.0029519680188627817	39.024538754555486	0.3225954190840537	0.04800737833775111	0.06847923542946892	2.5449957172075908	299	NA	NA	NA	NA	NA	NA	NA	NA	Simulation_19	Scenario_B_corr	75994
map_NoCopies	8	1	1	0.001586093899655871	18.839814271373427	0.05167957871475684	0.00654401402876158	0.048636638526446944	16.486717394987743	369	NA	NA	NA	NA	NA	NA	NA	NA	Simulation_19	Scenario_B_corr	75994
map_TrueCovs	8	1	1	0.0015987410381946732	18.17833334494029	0.01382449525594309	0.0019422724551464235	0.048359830065478	9.34405749241511	209	NA	NA	NA	NA	NA	NA	NA	NA	Simulation_19	Scenario_B_corr	75994
map_Full	8	1	1	0.001611920834822762	18.269061407500146	0.04139521865867008	0.002346517955934783	0.048368234101884226	11.215805613994599	209	NA	NA	NA	NA	NA	NA	NA	NA	Simulation_19	Scenario_B_corr	75994
mcmc_Full	8	1	1	0.002514277315953262	24.318608815045213	0.04665051790733111	0.0023474573833672206	0.048373377416387954	149.14834439357122	NA	18.26657290826341	390.56621660187125	548.286647325991	1279.2254529947313	1313.146459280096	630.9628167484651	480.35714180631703	677.1342694556627	Simulation_19	Scenario_B_corr	75994
map_TrueCovs200	8	1	1	0.001613336173311037	18.260949367170358	0.042199793317318844	0.005021112367234226	0.04856126913553095	12.957696839173634	259	NA	NA	NA	NA	NA	NA	NA	NA	Simulation_19	Scenario_B_corr	75994
mcmc_TrueCovs200	8	1	1	0.002487260103501099	24.255270224277623	0.04447745225943347	0.0049422458512544485	0.04855661936426648	125.75160199006399	NA	17.686007866735434	392.0315827312903	532.3599225243613	1249.471701564433	1397.8680244712516	577.9780562925622	402.5312597364836	556.8889396180622	Simulation_19	Scenario_B_corr	75994
map_TrueCovs500	8	1	1	0.0016225787840500644	18.34756828857109	0.042255592992731766	0.008321281655558016	0.048907653324618695	9.12444219191869	179	NA	NA	NA	NA	NA	NA	NA	NA	Simulation_19	Scenario_B_corr	75994
mcmc_TrueCovs500	8	1	1	0.0025237225817823414	24.47296505002706	0.04794616439615906	0.008318116731415831	0.048910467984292764	103.86844410101573	NA	18.01282407342197	388.6774828478114	536.3683538782038	1320.923748179852	1255.8899656665853	576.92930313743	266.65776266583384	557.5520663584828	Simulation_19	Scenario_B_corr	75994
CompNMFBase	8	1	1	0.003019621733984996	46.525820399162654	0.3954100649277193	0.12541358844606115	0.13885505058860514	0.025444610913594564	6195	NA	NA	NA	NA	NA	NA	NA	NA	Simulation_20	Scenario_B_corr	103864
map_CopyOnly	8	1	1	0.003199402838916658	46.0183851427779	0.3954100649277193	0.12503623684501985	0.13855525517255082	5.346604867776235	429	NA	NA	NA	NA	NA	NA	NA	NA	Simulation_20	Scenario_B_corr	103864
map_NoCopies	8	1	1	0.001478705355942813	19.21622600518007	0.027905452862308406	0.009497689752540518	0.05687707011291106	19.565212349096935	309	NA	NA	NA	NA	NA	NA	NA	NA	Simulation_20	Scenario_B_corr	103864
map_TrueCovs	8	1	1	0.0014026062208059911	18.883521677833148	0.010170070457571992	0.0025871858888813987	0.0562590027332707	33.92733581463496	529	NA	NA	NA	NA	NA	NA	NA	NA	Simulation_20	Scenario_B_corr	103864
map_Full	8	1	1	0.0014061601176488024	18.9156907929001	0.018771243890166836	0.003038399221071509	0.05625597877535215	21.696026158332824	269	NA	NA	NA	NA	NA	NA	NA	NA	Simulation_20	Scenario_B_corr	103864
mcmc_Full	8	1	1	0.0022080000703211967	21.027670603878402	0.019365371643159688	0.0030089630809165867	0.05624680976796756	149.60679392417273	NA	23.809875757897203	383.3858140285701	382.9793008516366	1091.608686878371	1280.88139230741	445.98466837360354	220.46728334214072	611.0736857488174	Simulation_20	Scenario_B_corr	103864
map_TrueCovs200	8	1	1	0.001481082881539006	18.865139603619316	0.018377483447710126	0.013343341850864048	0.057801027893333315	38.92029874722163	569	NA	NA	NA	NA	NA	NA	NA	NA	Simulation_20	Scenario_B_corr	103864
mcmc_TrueCovs200	8	1	1	0.002236909777462209	21.282134802619343	0.020889222776905476	0.01336993087105015	0.05779668148665973	149.8858614842097	NA	22.111536865508945	388.96615021534063	445.86195964132867	1258.8585447716662	1453.4969036421048	478.0167431981857	302.0107696700798	636.4990864390696	Simulation_20	Scenario_B_corr	103864
map_TrueCovs500	8	1	1	0.0014110840770771777	18.69986809006002	0.018163079542212315	0.023155182680899944	0.060995551367682366	28.98103563785553	449	NA	NA	NA	NA	NA	NA	NA	NA	Simulation_20	Scenario_B_corr	103864
mcmc_TrueCovs500	8	1	1	0.0022475731200534764	21.292901874092145	0.017865148899310818	0.023141854643845383	0.06098937519724459	79.262739610672	NA	23.554732308607168	388.1757732114201	422.95325388400454	1208.1866596833868	1322.6095152275682	519.6050443877505	258.4218415460764	616.0713265369699	Simulation_20	Scenario_B_corr	103864
